cruise,cast,niskin,niskin_other_method,station,date_time_utc_sampling,date_time_utc_start,date_time_utc_end,latitude,longitude,depth,temperature_sampling,incubation_tank,temperature_incubation_avg,temperature_incubation_std,T0_TF,dilution,nutrient_treatment,light_level,replicate_bottle,replicate_chl,filter_size,vol_filtered,vol_extracted,Fs,r,fo,fa,blank,blank_acid,fo_blank,fa_blank,fo_fa,chl,phaeo,iode_quality_flag,nearest_station,distance
en608,1',11-12-13-14',NA',L1,2018-01-31 19:44:59+00:00,2018-01-31 21:00:00+00:00,2018-02-01 21:30:00+00:00,41.19641,-70.877725,2.84375,2.3088,1,5.0187593220339,1.22481221649958,T0,dil,NA,NA,NA,a,>0&<200,151,6,1.393,2.13,36.3,21.3,0.521,0.521,NaN,NaN,NaN,NaN,NaN,NaN,NaN,NaN
en608,1',11-12-13-14',NA',L1,2018-01-31 19:44:59+00:00,2018-01-31 21:00:00+00:00,2018-02-01 21:30:00+00:00,41.19641,-70.877725,2.84375,2.3088,1,5.0187593220339,1.22481221649958,T0,dil,NA,NA,NA,b,>0&<200,151,6,1.393,2.13,34.4,20,0.521,0.521,NaN,NaN,NaN,NaN,NaN,NaN,NaN,NaN
en608,1',11-12-13-14',NA',L1,2018-01-31 19:44:59+00:00,2018-01-31 21:00:00+00:00,2018-02-01 21:30:00+00:00,41.19641,-70.877725,2.84375,2.3088,1,5.0187593220339,1.22481221649958,T0,dil,NA,NA,NA,c,>0&<200,151,6,1.393,2.13,27.3,17.1,0.521,0.521,NaN,NaN,NaN,NaN,NaN,NaN,NaN,NaN
en608,1',11-12-13-14',NA',L1,2018-01-31 19:44:59+00:00,2018-01-31 21:00:00+00:00,2018-02-01 21:30:00+00:00,41.19641,-70.877725,2.84375,2.3088,1,5.0187593220339,1.22481221649958,T0,dil,NA,NA,NA,a,>10&<200,151,6,1.393,2.13,24.4,13.2,0.521,0.521,NaN,NaN,NaN,NaN,NaN,NaN,NaN,NaN
en608,1',11-12-13-14',NA',L1,2018-01-31 19:44:59+00:00,2018-01-31 21:00:00+00:00,2018-02-01 21:30:00+00:00,41.19641,-70.877725,2.84375,2.3088,1,5.0187593220339,1.22481221649958,T0,dil,NA,NA,NA,b,>10&<200,151,6,1.393,2.13,29.2,14.7,0.521,0.521,NaN,NaN,NaN,NaN,NaN,NaN,NaN,NaN
en608,1',11-12-13-14',NA',L1,2018-01-31 19:44:59+00:00,2018-01-31 21:00:00+00:00,2018-02-01 21:30:00+00:00,41.19641,-70.877725,2.84375,2.3088,1,5.0187593220339,1.22481221649958,T0,dil,NA,NA,NA,c,>10&<200,151,6,1.393,2.13,23.2,14.7,0.521,0.521,NaN,NaN,NaN,NaN,NaN,NaN,NaN,NaN
en608,1',11-12-13-14',NA',L1,2018-01-31 19:44:59+00:00,2018-01-31 21:00:00+00:00,2018-02-01 21:30:00+00:00,41.19641,-70.877725,2.84375,2.3088,1,5.0187593220339,1.22481221649958,T0,wsw,NA,NA,NA,a,>0&<200,151,6,1.393,2.13,122,64.1,0.521,0.521,NaN,NaN,NaN,NaN,NaN,NaN,NaN,NaN
en608,1',11-12-13-14',NA',L1,2018-01-31 19:44:59+00:00,2018-01-31 21:00:00+00:00,2018-02-01 21:30:00+00:00,41.19641,-70.877725,2.84375,2.3088,1,5.0187593220339,1.22481221649958,T0,wsw,NA,NA,NA,b,>0&<200,151,6,1.393,2.13,148,73.8,0.521,0.521,NaN,NaN,NaN,NaN,NaN,NaN,NaN,NaN
en608,1',11-12-13-14',NA',L1,2018-01-31 19:44:59+00:00,2018-01-31 21:00:00+00:00,2018-02-01 21:30:00+00:00,41.19641,-70.877725,2.84375,2.3088,1,5.0187593220339,1.22481221649958,T0,wsw,NA,NA,NA,c,>0&<200,151,6,1.393,2.13,132,70.8,0.521,0.521,NaN,NaN,NaN,NaN,NaN,NaN,NaN,NaN
en608,1',11-12-13-14',NA',L1,2018-01-31 19:44:59+00:00,2018-01-31 21:00:00+00:00,2018-02-01 21:30:00+00:00,41.19641,-70.877725,2.84375,2.3088,1,5.0187593220339,1.22481221649958,T0,wsw,NA,NA,NA,a,>10&<200,151,6,1.393,2.13,103,51.2,0.521,0.521,NaN,NaN,NaN,NaN,NaN,NaN,NaN,NaN
en608,1',11-12-13-14',NA',L1,2018-01-31 19:44:59+00:00,2018-01-31 21:00:00+00:00,2018-02-01 21:30:00+00:00,41.19641,-70.877725,2.84375,2.3088,1,5.0187593220339,1.22481221649958,T0,wsw,NA,NA,NA,b,>10&<200,151,6,1.393,2.13,114,61.4,0.521,0.521,NaN,NaN,NaN,NaN,NaN,NaN,NaN,NaN
en608,1',11-12-13-14',NA',L1,2018-01-31 19:44:59+00:00,2018-01-31 21:00:00+00:00,2018-02-01 21:30:00+00:00,41.19641,-70.877725,2.84375,2.3088,1,5.0187593220339,1.22481221649958,T0,wsw,NA,NA,NA,c,>10&<200,151,6,1.393,2.13,122,60.7,0.521,0.521,NaN,NaN,NaN,NaN,NaN,NaN,NaN,NaN
en608,1',11-12-13-14',NA',L1,2018-01-31 19:44:59+00:00,2018-01-31 21:00:00+00:00,2018-02-01 21:30:00+00:00,41.19641,-70.877725,2.84375,2.3088,1,5.0187593220339,1.22481221649958,TF,dil,N,15%,a,a,>0&<200,151,6,1.393,2.13,34.6,20.2,0.513,0.513,NaN,NaN,NaN,NaN,NaN,NaN,NaN,NaN
en608,1',11-12-13-14',NA',L1,2018-01-31 19:44:59+00:00,2018-01-31 21:00:00+00:00,2018-02-01 21:30:00+00:00,41.19641,-70.877725,2.84375,2.3088,1,5.0187593220339,1.22481221649958,TF,dil,N,15%,a,b,>0&<200,151,6,1.393,2.13,34.1,20.4,0.513,0.513,NaN,NaN,NaN,NaN,NaN,NaN,NaN,NaN
en608,1',11-12-13-14',NA',L1,2018-01-31 19:44:59+00:00,2018-01-31 21:00:00+00:00,2018-02-01 21:30:00+00:00,41.19641,-70.877725,2.84375,2.3088,1,5.0187593220339,1.22481221649958,TF,dil,N,15%,a,c,>0&<200,151,6,1.393,2.13,33.3,19.4,0.513,0.513,NaN,NaN,NaN,NaN,NaN,NaN,NaN,NaN
en608,1',11-12-13-14',NA',L1,2018-01-31 19:44:59+00:00,2018-01-31 21:00:00+00:00,2018-02-01 21:30:00+00:00,41.19641,-70.877725,2.84375,2.3088,1,5.0187593220339,1.22481221649958,TF,dil,N,15%,b,a,>0&<200,151,6,1.393,2.13,32.4,20.6,0.513,0.513,NaN,NaN,NaN,NaN,NaN,NaN,NaN,NaN
en608,1',11-12-13-14',NA',L1,2018-01-31 19:44:59+00:00,2018-01-31 21:00:00+00:00,2018-02-01 21:30:00+00:00,41.19641,-70.877725,2.84375,2.3088,1,5.0187593220339,1.22481221649958,TF,dil,N,15%,b,b,>0&<200,151,6,1.393,2.13,36.1,19.5,0.513,0.513,NaN,NaN,NaN,NaN,NaN,NaN,NaN,NaN
en608,1',11-12-13-14',NA',L1,2018-01-31 19:44:59+00:00,2018-01-31 21:00:00+00:00,2018-02-01 21:30:00+00:00,41.19641,-70.877725,2.84375,2.3088,1,5.0187593220339,1.22481221649958,TF,dil,N,15%,b,c,>0&<200,151,6,1.393,2.13,34.6,18.9,0.513,0.513,NaN,NaN,NaN,NaN,NaN,NaN,NaN,NaN
en608,1',11-12-13-14',NA',L1,2018-01-31 19:44:59+00:00,2018-01-31 21:00:00+00:00,2018-02-01 21:30:00+00:00,41.19641,-70.877725,2.84375,2.3088,1,5.0187593220339,1.22481221649958,TF,wsw,NoN,15%,a,a,>0&<200,151,6,1.393,2.13,136,84.7,0.513,0.513,NaN,NaN,NaN,NaN,NaN,NaN,NaN,NaN
en608,1',11-12-13-14',NA',L1,2018-01-31 19:44:59+00:00,2018-01-31 21:00:00+00:00,2018-02-01 21:30:00+00:00,41.19641,-70.877725,2.84375,2.3088,1,5.0187593220339,1.22481221649958,TF,wsw,NoN,15%,a,b,>0&<200,151,6,1.393,2.13,145,83,0.513,0.513,NaN,NaN,NaN,NaN,NaN,NaN,NaN,NaN
en608,1',11-12-13-14',NA',L1,2018-01-31 19:44:59+00:00,2018-01-31 21:00:00+00:00,2018-02-01 21:30:00+00:00,41.19641,-70.877725,2.84375,2.3088,1,5.0187593220339,1.22481221649958,TF,wsw,NoN,15%,a,c,>0&<200,151,6,1.393,2.13,113,59.7,0.513,0.513,NaN,NaN,NaN,NaN,NaN,NaN,NaN,NaN
en608,1',11-12-13-14',NA',L1,2018-01-31 19:44:59+00:00,2018-01-31 21:00:00+00:00,2018-02-01 21:30:00+00:00,41.19641,-70.877725,2.84375,2.3088,1,5.0187593220339,1.22481221649958,TF,wsw,NoN,15%,b,a,>0&<200,151,6,1.393,2.13,134,72.6,0.513,0.513,NaN,NaN,NaN,NaN,NaN,NaN,NaN,NaN
en608,1',11-12-13-14',NA',L1,2018-01-31 19:44:59+00:00,2018-01-31 21:00:00+00:00,2018-02-01 21:30:00+00:00,41.19641,-70.877725,2.84375,2.3088,1,5.0187593220339,1.22481221649958,TF,wsw,NoN,15%,b,b,>0&<200,151,6,1.393,2.13,127,75.6,0.513,0.513,NaN,NaN,NaN,NaN,NaN,NaN,NaN,NaN
en608,1',11-12-13-14',NA',L1,2018-01-31 19:44:59+00:00,2018-01-31 21:00:00+00:00,2018-02-01 21:30:00+00:00,41.19641,-70.877725,2.84375,2.3088,1,5.0187593220339,1.22481221649958,TF,wsw,NoN,15%,b,c,>0&<200,151,6,1.393,2.13,118,79.8,0.513,0.513,NaN,NaN,NaN,NaN,NaN,NaN,NaN,NaN
en608,1',11-12-13-14',NA',L1,2018-01-31 19:44:59+00:00,2018-01-31 21:00:00+00:00,2018-02-01 21:30:00+00:00,41.19641,-70.877725,2.84375,2.3088,1,5.0187593220339,1.22481221649958,TF,wsw,N,15%,a,a,>0&<200,151,6,1.393,2.13,137,79.2,0.513,0.513,NaN,NaN,NaN,NaN,NaN,NaN,NaN,NaN
en608,1',11-12-13-14',NA',L1,2018-01-31 19:44:59+00:00,2018-01-31 21:00:00+00:00,2018-02-01 21:30:00+00:00,41.19641,-70.877725,2.84375,2.3088,1,5.0187593220339,1.22481221649958,TF,wsw,N,15%,a,b,>0&<200,151,6,1.393,2.13,148,86.2,0.513,0.513,NaN,NaN,NaN,NaN,NaN,NaN,NaN,NaN
en608,1',11-12-13-14',NA',L1,2018-01-31 19:44:59+00:00,2018-01-31 21:00:00+00:00,2018-02-01 21:30:00+00:00,41.19641,-70.877725,2.84375,2.3088,1,5.0187593220339,1.22481221649958,TF,wsw,N,15%,a,c,>0&<200,151,6,1.393,2.13,150,82.6,0.513,0.513,NaN,NaN,NaN,NaN,NaN,NaN,NaN,NaN
en608,1',11-12-13-14',NA',L1,2018-01-31 19:44:59+00:00,2018-01-31 21:00:00+00:00,2018-02-01 21:30:00+00:00,41.19641,-70.877725,2.84375,2.3088,1,5.0187593220339,1.22481221649958,TF,wsw,N,15%,b,a,>0&<200,151,6,1.393,2.13,132,79.2,0.513,0.513,NaN,NaN,NaN,NaN,NaN,NaN,NaN,NaN
en608,1',11-12-13-14',NA',L1,2018-01-31 19:44:59+00:00,2018-01-31 21:00:00+00:00,2018-02-01 21:30:00+00:00,41.19641,-70.877725,2.84375,2.3088,1,5.0187593220339,1.22481221649958,TF,wsw,N,15%,b,b,>0&<200,151,6,1.393,2.13,127,73.9,0.513,0.513,NaN,NaN,NaN,NaN,NaN,NaN,NaN,NaN
en608,1',11-12-13-14',NA',L1,2018-01-31 19:44:59+00:00,2018-01-31 21:00:00+00:00,2018-02-01 21:30:00+00:00,41.19641,-70.877725,2.84375,2.3088,1,5.0187593220339,1.22481221649958,TF,wsw,N,15%,b,c,>0&<200,151,6,1.393,2.13,152,89.8,0.513,0.513,NaN,NaN,NaN,NaN,NaN,NaN,NaN,NaN
en608,1',11-12-13-14',NA',L1,2018-01-31 19:44:59+00:00,2018-01-31 21:00:00+00:00,2018-02-01 21:30:00+00:00,41.19641,-70.877725,2.84375,2.3088,1,5.0187593220339,1.22481221649958,TF,dil,N,65%,a,a,>0&<200,151,6,1.393,2.13,38,21.2,0.513,0.513,NaN,NaN,NaN,NaN,NaN,NaN,NaN,NaN
en608,1',11-12-13-14',NA',L1,2018-01-31 19:44:59+00:00,2018-01-31 21:00:00+00:00,2018-02-01 21:30:00+00:00,41.19641,-70.877725,2.84375,2.3088,1,5.0187593220339,1.22481221649958,TF,dil,N,65%,a,b,>0&<200,151,6,1.393,2.13,35.9,21.3,0.513,0.513,NaN,NaN,NaN,NaN,NaN,NaN,NaN,NaN
en608,1',11-12-13-14',NA',L1,2018-01-31 19:44:59+00:00,2018-01-31 21:00:00+00:00,2018-02-01 21:30:00+00:00,41.19641,-70.877725,2.84375,2.3088,1,5.0187593220339,1.22481221649958,TF,dil,N,65%,a,c,>0&<200,151,6,1.393,2.13,33.2,20.1,0.513,0.513,NaN,NaN,NaN,NaN,NaN,NaN,NaN,NaN
en608,1',11-12-13-14',NA',L1,2018-01-31 19:44:59+00:00,2018-01-31 21:00:00+00:00,2018-02-01 21:30:00+00:00,41.19641,-70.877725,2.84375,2.3088,1,5.0187593220339,1.22481221649958,TF,dil,N,65%,b,a,>0&<200,151,6,1.393,2.13,32.7,17.9,0.513,0.513,NaN,NaN,NaN,NaN,NaN,NaN,NaN,NaN
en608,1',11-12-13-14',NA',L1,2018-01-31 19:44:59+00:00,2018-01-31 21:00:00+00:00,2018-02-01 21:30:00+00:00,41.19641,-70.877725,2.84375,2.3088,1,5.0187593220339,1.22481221649958,TF,dil,N,65%,b,b,>0&<200,151,6,1.393,2.13,33.1,20.4,0.513,0.513,NaN,NaN,NaN,NaN,NaN,NaN,NaN,NaN
en608,1',11-12-13-14',NA',L1,2018-01-31 19:44:59+00:00,2018-01-31 21:00:00+00:00,2018-02-01 21:30:00+00:00,41.19641,-70.877725,2.84375,2.3088,1,5.0187593220339,1.22481221649958,TF,dil,N,65%,b,c,>0&<200,151,6,1.393,2.13,34.9,20.7,0.513,0.513,NaN,NaN,NaN,NaN,NaN,NaN,NaN,NaN
en608,1',11-12-13-14',NA',L1,2018-01-31 19:44:59+00:00,2018-01-31 21:00:00+00:00,2018-02-01 21:30:00+00:00,41.19641,-70.877725,2.84375,2.3088,1,5.0187593220339,1.22481221649958,TF,wsw,NoN,65%,a,a,>0&<200,151,6,1.393,2.13,126,73.3,0.513,0.513,NaN,NaN,NaN,NaN,NaN,NaN,NaN,NaN
en608,1',11-12-13-14',NA',L1,2018-01-31 19:44:59+00:00,2018-01-31 21:00:00+00:00,2018-02-01 21:30:00+00:00,41.19641,-70.877725,2.84375,2.3088,1,5.0187593220339,1.22481221649958,TF,wsw,NoN,65%,a,b,>0&<200,151,6,1.393,2.13,113,66.4,0.513,0.513,NaN,NaN,NaN,NaN,NaN,NaN,NaN,NaN
en608,1',11-12-13-14',NA',L1,2018-01-31 19:44:59+00:00,2018-01-31 21:00:00+00:00,2018-02-01 21:30:00+00:00,41.19641,-70.877725,2.84375,2.3088,1,5.0187593220339,1.22481221649958,TF,wsw,NoN,65%,a,c,>0&<200,151,6,1.393,2.13,130,69.8,0.513,0.513,NaN,NaN,NaN,NaN,NaN,NaN,NaN,NaN
en608,1',11-12-13-14',NA',L1,2018-01-31 19:44:59+00:00,2018-01-31 21:00:00+00:00,2018-02-01 21:30:00+00:00,41.19641,-70.877725,2.84375,2.3088,1,5.0187593220339,1.22481221649958,TF,wsw,NoN,65%,b,a,>0&<200,151,6,1.393,2.13,25.6,72.9,0.513,0.513,NaN,NaN,NaN,NaN,NaN,NaN,NaN,NaN
en608,1',11-12-13-14',NA',L1,2018-01-31 19:44:59+00:00,2018-01-31 21:00:00+00:00,2018-02-01 21:30:00+00:00,41.19641,-70.877725,2.84375,2.3088,1,5.0187593220339,1.22481221649958,TF,wsw,NoN,65%,b,b,>0&<200,151,6,1.393,2.13,14.2,70.7,0.513,0.513,NaN,NaN,NaN,NaN,NaN,NaN,NaN,NaN
en608,1',11-12-13-14',NA',L1,2018-01-31 19:44:59+00:00,2018-01-31 21:00:00+00:00,2018-02-01 21:30:00+00:00,41.19641,-70.877725,2.84375,2.3088,1,5.0187593220339,1.22481221649958,TF,wsw,NoN,65%,b,c,>0&<200,151,6,1.393,2.13,5.04,71.7,0.513,0.513,NaN,NaN,NaN,NaN,NaN,NaN,NaN,NaN
en608,1',11-12-13-14',NA',L1,2018-01-31 19:44:59+00:00,2018-01-31 21:00:00+00:00,2018-02-01 21:30:00+00:00,41.19641,-70.877725,2.84375,2.3088,1,5.0187593220339,1.22481221649958,TF,wsw,N,65%,a,a,>0&<200,151,6,1.393,2.13,128,76.6,0.513,0.513,NaN,NaN,NaN,NaN,NaN,NaN,NaN,NaN
en608,1',11-12-13-14',NA',L1,2018-01-31 19:44:59+00:00,2018-01-31 21:00:00+00:00,2018-02-01 21:30:00+00:00,41.19641,-70.877725,2.84375,2.3088,1,5.0187593220339,1.22481221649958,TF,wsw,N,65%,a,b,>0&<200,151,6,1.393,2.13,134,73.2,0.513,0.513,NaN,NaN,NaN,NaN,NaN,NaN,NaN,NaN
en608,1',11-12-13-14',NA',L1,2018-01-31 19:44:59+00:00,2018-01-31 21:00:00+00:00,2018-02-01 21:30:00+00:00,41.19641,-70.877725,2.84375,2.3088,1,5.0187593220339,1.22481221649958,TF,wsw,N,65%,a,c,>0&<200,151,6,1.393,2.13,105,68.9,0.513,0.513,NaN,NaN,NaN,NaN,NaN,NaN,NaN,NaN
en608,1',11-12-13-14',NA',L1,2018-01-31 19:44:59+00:00,2018-01-31 21:00:00+00:00,2018-02-01 21:30:00+00:00,41.19641,-70.877725,2.84375,2.3088,1,5.0187593220339,1.22481221649958,TF,wsw,N,65%,b,a,>0&<200,151,6,1.393,2.13,140,76.5,0.513,0.513,NaN,NaN,NaN,NaN,NaN,NaN,NaN,NaN
en608,1',11-12-13-14',NA',L1,2018-01-31 19:44:59+00:00,2018-01-31 21:00:00+00:00,2018-02-01 21:30:00+00:00,41.19641,-70.877725,2.84375,2.3088,1,5.0187593220339,1.22481221649958,TF,wsw,N,65%,b,b,>0&<200,151,6,1.393,2.13,118,76.1,0.513,0.513,NaN,NaN,NaN,NaN,NaN,NaN,NaN,NaN
en608,1',11-12-13-14',NA',L1,2018-01-31 19:44:59+00:00,2018-01-31 21:00:00+00:00,2018-02-01 21:30:00+00:00,41.19641,-70.877725,2.84375,2.3088,1,5.0187593220339,1.22481221649958,TF,wsw,N,65%,b,c,>0&<200,151,6,1.393,2.13,111,72.8,0.513,0.513,NaN,NaN,NaN,NaN,NaN,NaN,NaN,NaN
en608,1',11-12-13-14',NA',L1,2018-01-31 19:44:59+00:00,2018-01-31 21:00:00+00:00,2018-02-01 21:30:00+00:00,41.19641,-70.877725,2.84375,2.3088,1,5.0187593220339,1.22481221649958,TF,dil,N,65%,a,a,>10&<200,151,6,1.393,2.13,34.2,17.4,0.513,0.513,NaN,NaN,NaN,NaN,NaN,NaN,NaN,NaN
en608,1',11-12-13-14',NA',L1,2018-01-31 19:44:59+00:00,2018-01-31 21:00:00+00:00,2018-02-01 21:30:00+00:00,41.19641,-70.877725,2.84375,2.3088,1,5.0187593220339,1.22481221649958,TF,dil,N,65%,a,b,>10&<200,151,6,1.393,2.13,31.1,15.8,0.513,0.513,NaN,NaN,NaN,NaN,NaN,NaN,NaN,NaN
en608,1',11-12-13-14',NA',L1,2018-01-31 19:44:59+00:00,2018-01-31 21:00:00+00:00,2018-02-01 21:30:00+00:00,41.19641,-70.877725,2.84375,2.3088,1,5.0187593220339,1.22481221649958,TF,dil,N,65%,a,c,>10&<200,151,6,1.393,2.13,28.3,17.3,0.513,0.513,NaN,NaN,NaN,NaN,NaN,NaN,NaN,NaN
en608,1',11-12-13-14',NA',L1,2018-01-31 19:44:59+00:00,2018-01-31 21:00:00+00:00,2018-02-01 21:30:00+00:00,41.19641,-70.877725,2.84375,2.3088,1,5.0187593220339,1.22481221649958,TF,dil,N,65%,b,a,>10&<200,151,6,1.393,2.13,42.7,22,0.513,0.513,NaN,NaN,NaN,NaN,NaN,NaN,NaN,NaN
en608,1',11-12-13-14',NA',L1,2018-01-31 19:44:59+00:00,2018-01-31 21:00:00+00:00,2018-02-01 21:30:00+00:00,41.19641,-70.877725,2.84375,2.3088,1,5.0187593220339,1.22481221649958,TF,dil,N,65%,b,b,>10&<200,151,6,1.393,2.13,33.6,17,0.513,0.513,NaN,NaN,NaN,NaN,NaN,NaN,NaN,NaN
en608,1',11-12-13-14',NA',L1,2018-01-31 19:44:59+00:00,2018-01-31 21:00:00+00:00,2018-02-01 21:30:00+00:00,41.19641,-70.877725,2.84375,2.3088,1,5.0187593220339,1.22481221649958,TF,dil,N,65%,b,c,>10&<200,151,6,1.393,2.13,32.8,16.8,0.513,0.513,NaN,NaN,NaN,NaN,NaN,NaN,NaN,NaN
en608,1',11-12-13-14',NA',L1,2018-01-31 19:44:59+00:00,2018-01-31 21:00:00+00:00,2018-02-01 21:30:00+00:00,41.19641,-70.877725,2.84375,2.3088,1,5.0187593220339,1.22481221649958,TF,wsw,N,65%,a,a,>10&<200,151,6,1.393,2.13,114,56.8,0.513,0.513,NaN,NaN,NaN,NaN,NaN,NaN,NaN,NaN
en608,1',11-12-13-14',NA',L1,2018-01-31 19:44:59+00:00,2018-01-31 21:00:00+00:00,2018-02-01 21:30:00+00:00,41.19641,-70.877725,2.84375,2.3088,1,5.0187593220339,1.22481221649958,TF,wsw,N,65%,a,b,>10&<200,151,6,1.393,2.13,124,59.6,0.513,0.513,NaN,NaN,NaN,NaN,NaN,NaN,NaN,NaN
en608,1',11-12-13-14',NA',L1,2018-01-31 19:44:59+00:00,2018-01-31 21:00:00+00:00,2018-02-01 21:30:00+00:00,41.19641,-70.877725,2.84375,2.3088,1,5.0187593220339,1.22481221649958,TF,wsw,N,65%,a,c,>10&<200,151,6,1.393,2.13,NaN,NaN,0.513,0.513,NaN,NaN,NaN,NaN,NaN,NaN,NaN,NaN
en608,1',11-12-13-14',NA',L1,2018-01-31 19:44:59+00:00,2018-01-31 21:00:00+00:00,2018-02-01 21:30:00+00:00,41.19641,-70.877725,2.84375,2.3088,1,5.0187593220339,1.22481221649958,TF,wsw,N,65%,b,a,>10&<200,151,6,1.393,2.13,118,61.9,0.513,0.513,NaN,NaN,NaN,NaN,NaN,NaN,NaN,NaN
en608,1',11-12-13-14',NA',L1,2018-01-31 19:44:59+00:00,2018-01-31 21:00:00+00:00,2018-02-01 21:30:00+00:00,41.19641,-70.877725,2.84375,2.3088,1,5.0187593220339,1.22481221649958,TF,wsw,N,65%,b,b,>10&<200,151,6,1.393,2.13,121,60.8,0.513,0.513,NaN,NaN,NaN,NaN,NaN,NaN,NaN,NaN
en608,1',11-12-13-14',NA',L1,2018-01-31 19:44:59+00:00,2018-01-31 21:00:00+00:00,2018-02-01 21:30:00+00:00,41.19641,-70.877725,2.84375,2.3088,1,5.0187593220339,1.22481221649958,TF,wsw,N,65%,b,c,>10&<200,151,6,1.393,2.13,68.3,55.2,0.513,0.513,NaN,NaN,NaN,NaN,NaN,NaN,NaN,NaN
en608,5',17-18-19-20',NA',L3,2018-02-01 09:33:26+00:00,2018-02-01 11:00:00+00:00,2018-02-02 11:00:00+00:00,40.8559225,-70.884435,3.1295,4.8702,1,6.83629411764706,1.04770705657111,T0,dil,NA,NA,NA,a,>0&<200,151,6,1.393,2.13,18,11.4,0.501,0.501,NaN,NaN,NaN,NaN,NaN,NaN,NaN,NaN
en608,5',17-18-19-20',NA',L3,2018-02-01 09:33:26+00:00,2018-02-01 11:00:00+00:00,2018-02-02 11:00:00+00:00,40.8559225,-70.884435,3.1295,4.8702,1,6.83629411764706,1.04770705657111,T0,dil,NA,NA,NA,b,>0&<200,151,6,1.393,2.13,17.3,11.3,0.501,0.501,NaN,NaN,NaN,NaN,NaN,NaN,NaN,NaN
en608,5',17-18-19-20',NA',L3,2018-02-01 09:33:26+00:00,2018-02-01 11:00:00+00:00,2018-02-02 11:00:00+00:00,40.8559225,-70.884435,3.1295,4.8702,1,6.83629411764706,1.04770705657111,T0,dil,NA,NA,NA,c,>0&<200,151,6,1.393,2.13,19.2,12.9,0.501,0.501,NaN,NaN,NaN,NaN,NaN,NaN,NaN,NaN
en608,5',17-18-19-20',NA',L3,2018-02-01 09:33:26+00:00,2018-02-01 11:00:00+00:00,2018-02-02 11:00:00+00:00,40.8559225,-70.884435,3.1295,4.8702,1,6.83629411764706,1.04770705657111,T0,dil,NA,NA,NA,a,>10&<200,151,6,1.393,2.13,15.5,8.07,0.501,0.501,NaN,NaN,NaN,NaN,NaN,NaN,NaN,NaN
en608,5',17-18-19-20',NA',L3,2018-02-01 09:33:26+00:00,2018-02-01 11:00:00+00:00,2018-02-02 11:00:00+00:00,40.8559225,-70.884435,3.1295,4.8702,1,6.83629411764706,1.04770705657111,T0,dil,NA,NA,NA,b,>10&<200,151,6,1.393,2.13,15.3,8.13,0.501,0.501,NaN,NaN,NaN,NaN,NaN,NaN,NaN,NaN
en608,5',17-18-19-20',NA',L3,2018-02-01 09:33:26+00:00,2018-02-01 11:00:00+00:00,2018-02-02 11:00:00+00:00,40.8559225,-70.884435,3.1295,4.8702,1,6.83629411764706,1.04770705657111,T0,dil,NA,NA,NA,c,>10&<200,151,6,1.393,2.13,14.7,8.22,0.501,0.501,NaN,NaN,NaN,NaN,NaN,NaN,NaN,NaN
en608,5',17-18-19-20',NA',L3,2018-02-01 09:33:26+00:00,2018-02-01 11:00:00+00:00,2018-02-02 11:00:00+00:00,40.8559225,-70.884435,3.1295,4.8702,1,6.83629411764706,1.04770705657111,T0,wsw,NA,NA,NA,a,>0&<200,151,6,1.393,2.13,71,44.4,0.501,0.501,NaN,NaN,NaN,NaN,NaN,NaN,NaN,NaN
en608,5',17-18-19-20',NA',L3,2018-02-01 09:33:26+00:00,2018-02-01 11:00:00+00:00,2018-02-02 11:00:00+00:00,40.8559225,-70.884435,3.1295,4.8702,1,6.83629411764706,1.04770705657111,T0,wsw,NA,NA,NA,b,>0&<200,151,6,1.393,2.13,68.7,42.1,0.501,0.501,NaN,NaN,NaN,NaN,NaN,NaN,NaN,NaN
en608,5',17-18-19-20',NA',L3,2018-02-01 09:33:26+00:00,2018-02-01 11:00:00+00:00,2018-02-02 11:00:00+00:00,40.8559225,-70.884435,3.1295,4.8702,1,6.83629411764706,1.04770705657111,T0,wsw,NA,NA,NA,c,>0&<200,151,6,1.393,2.13,72.5,42.9,0.501,0.501,NaN,NaN,NaN,NaN,NaN,NaN,NaN,NaN
en608,5',17-18-19-20',NA',L3,2018-02-01 09:33:26+00:00,2018-02-01 11:00:00+00:00,2018-02-02 11:00:00+00:00,40.8559225,-70.884435,3.1295,4.8702,1,6.83629411764706,1.04770705657111,T0,wsw,NA,NA,NA,a,>10&<200,151,6,1.393,2.13,63.3,32.2,0.501,0.501,NaN,NaN,NaN,NaN,NaN,NaN,NaN,NaN
en608,5',17-18-19-20',NA',L3,2018-02-01 09:33:26+00:00,2018-02-01 11:00:00+00:00,2018-02-02 11:00:00+00:00,40.8559225,-70.884435,3.1295,4.8702,1,6.83629411764706,1.04770705657111,T0,wsw,NA,NA,NA,b,>10&<200,151,6,1.393,2.13,61.9,31.6,0.501,0.501,NaN,NaN,NaN,NaN,NaN,NaN,NaN,NaN
en608,5',17-18-19-20',NA',L3,2018-02-01 09:33:26+00:00,2018-02-01 11:00:00+00:00,2018-02-02 11:00:00+00:00,40.8559225,-70.884435,3.1295,4.8702,1,6.83629411764706,1.04770705657111,T0,wsw,NA,NA,NA,c,>10&<200,151,6,1.393,2.13,62.5,31.5,0.501,0.501,NaN,NaN,NaN,NaN,NaN,NaN,NaN,NaN
en608,5',17-18-19-20',NA',L3,2018-02-01 09:33:26+00:00,2018-02-01 11:00:00+00:00,2018-02-02 11:00:00+00:00,40.8559225,-70.884435,3.1295,4.8702,1,6.83629411764706,1.04770705657111,TF,dil,N,15%,a,a,>0&<200,151,6,1.393,2.13,19.8,10.6,0.503,0.503,NaN,NaN,NaN,NaN,NaN,NaN,NaN,NaN
en608,5',17-18-19-20',NA',L3,2018-02-01 09:33:26+00:00,2018-02-01 11:00:00+00:00,2018-02-02 11:00:00+00:00,40.8559225,-70.884435,3.1295,4.8702,1,6.83629411764706,1.04770705657111,TF,dil,N,15%,a,b,>0&<200,151,6,1.393,2.13,19.7,10.4,0.503,0.503,NaN,NaN,NaN,NaN,NaN,NaN,NaN,NaN
en608,5',17-18-19-20',NA',L3,2018-02-01 09:33:26+00:00,2018-02-01 11:00:00+00:00,2018-02-02 11:00:00+00:00,40.8559225,-70.884435,3.1295,4.8702,1,6.83629411764706,1.04770705657111,TF,dil,N,15%,a,c,>0&<200,151,6,1.393,2.13,18.4,10.1,0.503,0.503,NaN,NaN,NaN,NaN,NaN,NaN,NaN,NaN
en608,5',17-18-19-20',NA',L3,2018-02-01 09:33:26+00:00,2018-02-01 11:00:00+00:00,2018-02-02 11:00:00+00:00,40.8559225,-70.884435,3.1295,4.8702,1,6.83629411764706,1.04770705657111,TF,dil,N,15%,b,a,>0&<200,151,6,1.393,2.13,19.9,11.4,0.503,0.503,NaN,NaN,NaN,NaN,NaN,NaN,NaN,NaN
en608,5',17-18-19-20',NA',L3,2018-02-01 09:33:26+00:00,2018-02-01 11:00:00+00:00,2018-02-02 11:00:00+00:00,40.8559225,-70.884435,3.1295,4.8702,1,6.83629411764706,1.04770705657111,TF,dil,N,15%,b,b,>0&<200,151,6,1.393,2.13,19.8,10.6,0.503,0.503,NaN,NaN,NaN,NaN,NaN,NaN,NaN,NaN
en608,5',17-18-19-20',NA',L3,2018-02-01 09:33:26+00:00,2018-02-01 11:00:00+00:00,2018-02-02 11:00:00+00:00,40.8559225,-70.884435,3.1295,4.8702,1,6.83629411764706,1.04770705657111,TF,dil,N,15%,b,c,>0&<200,151,6,1.393,2.13,21.9,11.2,0.503,0.503,NaN,NaN,NaN,NaN,NaN,NaN,NaN,NaN
en608,5',17-18-19-20',NA',L3,2018-02-01 09:33:26+00:00,2018-02-01 11:00:00+00:00,2018-02-02 11:00:00+00:00,40.8559225,-70.884435,3.1295,4.8702,1,6.83629411764706,1.04770705657111,TF,wsw,NoN,15%,a,a,>0&<200,151,6,1.393,2.13,86.7,47.8,0.503,0.503,NaN,NaN,NaN,NaN,NaN,NaN,NaN,NaN
en608,5',17-18-19-20',NA',L3,2018-02-01 09:33:26+00:00,2018-02-01 11:00:00+00:00,2018-02-02 11:00:00+00:00,40.8559225,-70.884435,3.1295,4.8702,1,6.83629411764706,1.04770705657111,TF,wsw,NoN,15%,a,b,>0&<200,151,6,1.393,2.13,78,42.7,0.503,0.503,NaN,NaN,NaN,NaN,NaN,NaN,NaN,NaN
en608,5',17-18-19-20',NA',L3,2018-02-01 09:33:26+00:00,2018-02-01 11:00:00+00:00,2018-02-02 11:00:00+00:00,40.8559225,-70.884435,3.1295,4.8702,1,6.83629411764706,1.04770705657111,TF,wsw,NoN,15%,a,c,>0&<200,151,6,1.393,2.13,74.8,42.1,0.503,0.503,NaN,NaN,NaN,NaN,NaN,NaN,NaN,NaN
en608,5',17-18-19-20',NA',L3,2018-02-01 09:33:26+00:00,2018-02-01 11:00:00+00:00,2018-02-02 11:00:00+00:00,40.8559225,-70.884435,3.1295,4.8702,1,6.83629411764706,1.04770705657111,TF,wsw,NoN,15%,b,a,>0&<200,151,6,1.393,2.13,77.2,42.7,0.503,0.503,NaN,NaN,NaN,NaN,NaN,NaN,NaN,NaN
en608,5',17-18-19-20',NA',L3,2018-02-01 09:33:26+00:00,2018-02-01 11:00:00+00:00,2018-02-02 11:00:00+00:00,40.8559225,-70.884435,3.1295,4.8702,1,6.83629411764706,1.04770705657111,TF,wsw,NoN,15%,b,b,>0&<200,151,6,1.393,2.13,76.1,42,0.503,0.503,NaN,NaN,NaN,NaN,NaN,NaN,NaN,NaN
en608,5',17-18-19-20',NA',L3,2018-02-01 09:33:26+00:00,2018-02-01 11:00:00+00:00,2018-02-02 11:00:00+00:00,40.8559225,-70.884435,3.1295,4.8702,1,6.83629411764706,1.04770705657111,TF,wsw,NoN,15%,b,c,>0&<200,151,6,1.393,2.13,82.3,48.5,0.503,0.503,NaN,NaN,NaN,NaN,NaN,NaN,NaN,NaN
en608,5',17-18-19-20',NA',L3,2018-02-01 09:33:26+00:00,2018-02-01 11:00:00+00:00,2018-02-02 11:00:00+00:00,40.8559225,-70.884435,3.1295,4.8702,1,6.83629411764706,1.04770705657111,TF,wsw,N,15%,a,a,>0&<200,151,6,1.393,2.13,82.9,43.3,0.503,0.503,NaN,NaN,NaN,NaN,NaN,NaN,NaN,NaN
en608,5',17-18-19-20',NA',L3,2018-02-01 09:33:26+00:00,2018-02-01 11:00:00+00:00,2018-02-02 11:00:00+00:00,40.8559225,-70.884435,3.1295,4.8702,1,6.83629411764706,1.04770705657111,TF,wsw,N,15%,a,b,>0&<200,151,6,1.393,2.13,61.8,31,0.503,0.503,NaN,NaN,NaN,NaN,NaN,NaN,NaN,NaN
en608,5',17-18-19-20',NA',L3,2018-02-01 09:33:26+00:00,2018-02-01 11:00:00+00:00,2018-02-02 11:00:00+00:00,40.8559225,-70.884435,3.1295,4.8702,1,6.83629411764706,1.04770705657111,TF,wsw,N,15%,a,c,>0&<200,151,6,1.393,2.13,77.1,45.2,0.503,0.503,NaN,NaN,NaN,NaN,NaN,NaN,NaN,NaN
en608,5',17-18-19-20',NA',L3,2018-02-01 09:33:26+00:00,2018-02-01 11:00:00+00:00,2018-02-02 11:00:00+00:00,40.8559225,-70.884435,3.1295,4.8702,1,6.83629411764706,1.04770705657111,TF,wsw,N,15%,b,a,>0&<200,151,6,1.393,2.13,75.3,40.3,0.503,0.503,NaN,NaN,NaN,NaN,NaN,NaN,NaN,NaN
en608,5',17-18-19-20',NA',L3,2018-02-01 09:33:26+00:00,2018-02-01 11:00:00+00:00,2018-02-02 11:00:00+00:00,40.8559225,-70.884435,3.1295,4.8702,1,6.83629411764706,1.04770705657111,TF,wsw,N,15%,b,b,>0&<200,151,6,1.393,2.13,77.5,39.5,0.503,0.503,NaN,NaN,NaN,NaN,NaN,NaN,NaN,NaN
en608,5',17-18-19-20',NA',L3,2018-02-01 09:33:26+00:00,2018-02-01 11:00:00+00:00,2018-02-02 11:00:00+00:00,40.8559225,-70.884435,3.1295,4.8702,1,6.83629411764706,1.04770705657111,TF,wsw,N,15%,b,c,>0&<200,151,6,1.393,2.13,77.7,41.6,0.503,0.503,NaN,NaN,NaN,NaN,NaN,NaN,NaN,NaN
en608,5',17-18-19-20',NA',L3,2018-02-01 09:33:26+00:00,2018-02-01 11:00:00+00:00,2018-02-02 11:00:00+00:00,40.8559225,-70.884435,3.1295,4.8702,1,6.83629411764706,1.04770705657111,TF,dil,N,65%,a,a,>0&<200,151,6,1.393,2.13,19,11.1,0.503,0.503,NaN,NaN,NaN,NaN,NaN,NaN,NaN,NaN
en608,5',17-18-19-20',NA',L3,2018-02-01 09:33:26+00:00,2018-02-01 11:00:00+00:00,2018-02-02 11:00:00+00:00,40.8559225,-70.884435,3.1295,4.8702,1,6.83629411764706,1.04770705657111,TF,dil,N,65%,a,b,>0&<200,151,6,1.393,2.13,15.2,8.8,0.503,0.503,NaN,NaN,NaN,NaN,NaN,NaN,NaN,NaN
en608,5',17-18-19-20',NA',L3,2018-02-01 09:33:26+00:00,2018-02-01 11:00:00+00:00,2018-02-02 11:00:00+00:00,40.8559225,-70.884435,3.1295,4.8702,1,6.83629411764706,1.04770705657111,TF,dil,N,65%,a,c,>0&<200,151,6,1.393,2.13,17.4,10.3,0.503,0.503,NaN,NaN,NaN,NaN,NaN,NaN,NaN,NaN
en608,5',17-18-19-20',NA',L3,2018-02-01 09:33:26+00:00,2018-02-01 11:00:00+00:00,2018-02-02 11:00:00+00:00,40.8559225,-70.884435,3.1295,4.8702,1,6.83629411764706,1.04770705657111,TF,dil,N,65%,b,a,>0&<200,151,6,1.393,2.13,18.8,11.5,0.503,0.503,NaN,NaN,NaN,NaN,NaN,NaN,NaN,NaN
en608,5',17-18-19-20',NA',L3,2018-02-01 09:33:26+00:00,2018-02-01 11:00:00+00:00,2018-02-02 11:00:00+00:00,40.8559225,-70.884435,3.1295,4.8702,1,6.83629411764706,1.04770705657111,TF,dil,N,65%,b,b,>0&<200,151,6,1.393,2.13,19.8,11.9,0.503,0.503,NaN,NaN,NaN,NaN,NaN,NaN,NaN,NaN
en608,5',17-18-19-20',NA',L3,2018-02-01 09:33:26+00:00,2018-02-01 11:00:00+00:00,2018-02-02 11:00:00+00:00,40.8559225,-70.884435,3.1295,4.8702,1,6.83629411764706,1.04770705657111,TF,dil,N,65%,b,c,>0&<200,151,6,1.393,2.13,20,12.4,0.503,0.503,NaN,NaN,NaN,NaN,NaN,NaN,NaN,NaN
en608,5',17-18-19-20',NA',L3,2018-02-01 09:33:26+00:00,2018-02-01 11:00:00+00:00,2018-02-02 11:00:00+00:00,40.8559225,-70.884435,3.1295,4.8702,1,6.83629411764706,1.04770705657111,TF,wsw,NoN,65%,a,a,>0&<200,151,6,1.393,2.13,79.5,41.5,0.503,0.503,NaN,NaN,NaN,NaN,NaN,NaN,NaN,NaN
en608,5',17-18-19-20',NA',L3,2018-02-01 09:33:26+00:00,2018-02-01 11:00:00+00:00,2018-02-02 11:00:00+00:00,40.8559225,-70.884435,3.1295,4.8702,1,6.83629411764706,1.04770705657111,TF,wsw,NoN,65%,a,b,>0&<200,151,6,1.393,2.13,68.1,38.5,0.503,0.503,NaN,NaN,NaN,NaN,NaN,NaN,NaN,NaN
en608,5',17-18-19-20',NA',L3,2018-02-01 09:33:26+00:00,2018-02-01 11:00:00+00:00,2018-02-02 11:00:00+00:00,40.8559225,-70.884435,3.1295,4.8702,1,6.83629411764706,1.04770705657111,TF,wsw,NoN,65%,a,c,>0&<200,151,6,1.393,2.13,69.5,37.6,0.503,0.503,NaN,NaN,NaN,NaN,NaN,NaN,NaN,NaN
en608,5',17-18-19-20',NA',L3,2018-02-01 09:33:26+00:00,2018-02-01 11:00:00+00:00,2018-02-02 11:00:00+00:00,40.8559225,-70.884435,3.1295,4.8702,1,6.83629411764706,1.04770705657111,TF,wsw,NoN,65%,b,a,>0&<200,151,6,1.393,2.13,79.9,39.1,0.503,0.503,NaN,NaN,NaN,NaN,NaN,NaN,NaN,NaN
en608,5',17-18-19-20',NA',L3,2018-02-01 09:33:26+00:00,2018-02-01 11:00:00+00:00,2018-02-02 11:00:00+00:00,40.8559225,-70.884435,3.1295,4.8702,1,6.83629411764706,1.04770705657111,TF,wsw,NoN,65%,b,b,>0&<200,151,6,1.393,2.13,77.4,39.4,0.503,0.503,NaN,NaN,NaN,NaN,NaN,NaN,NaN,NaN
en608,5',17-18-19-20',NA',L3,2018-02-01 09:33:26+00:00,2018-02-01 11:00:00+00:00,2018-02-02 11:00:00+00:00,40.8559225,-70.884435,3.1295,4.8702,1,6.83629411764706,1.04770705657111,TF,wsw,NoN,65%,b,c,>0&<200,151,6,1.393,2.13,74.7,39.8,0.503,0.503,NaN,NaN,NaN,NaN,NaN,NaN,NaN,NaN
en608,5',17-18-19-20',NA',L3,2018-02-01 09:33:26+00:00,2018-02-01 11:00:00+00:00,2018-02-02 11:00:00+00:00,40.8559225,-70.884435,3.1295,4.8702,1,6.83629411764706,1.04770705657111,TF,wsw,N,65%,a,a,>0&<200,151,6,1.393,2.13,80.1,41.5,0.503,0.503,NaN,NaN,NaN,NaN,NaN,NaN,NaN,NaN
en608,5',17-18-19-20',NA',L3,2018-02-01 09:33:26+00:00,2018-02-01 11:00:00+00:00,2018-02-02 11:00:00+00:00,40.8559225,-70.884435,3.1295,4.8702,1,6.83629411764706,1.04770705657111,TF,wsw,N,65%,a,b,>0&<200,151,6,1.393,2.13,85.3,41.7,0.503,0.503,NaN,NaN,NaN,NaN,NaN,NaN,NaN,NaN
en608,5',17-18-19-20',NA',L3,2018-02-01 09:33:26+00:00,2018-02-01 11:00:00+00:00,2018-02-02 11:00:00+00:00,40.8559225,-70.884435,3.1295,4.8702,1,6.83629411764706,1.04770705657111,TF,wsw,N,65%,a,c,>0&<200,151,6,1.393,2.13,79.5,40,0.503,0.503,NaN,NaN,NaN,NaN,NaN,NaN,NaN,NaN
en608,5',17-18-19-20',NA',L3,2018-02-01 09:33:26+00:00,2018-02-01 11:00:00+00:00,2018-02-02 11:00:00+00:00,40.8559225,-70.884435,3.1295,4.8702,1,6.83629411764706,1.04770705657111,TF,wsw,N,65%,b,a,>0&<200,151,6,1.393,2.13,78.4,39.3,0.503,0.503,NaN,NaN,NaN,NaN,NaN,NaN,NaN,NaN
en608,5',17-18-19-20',NA',L3,2018-02-01 09:33:26+00:00,2018-02-01 11:00:00+00:00,2018-02-02 11:00:00+00:00,40.8559225,-70.884435,3.1295,4.8702,1,6.83629411764706,1.04770705657111,TF,wsw,N,65%,b,b,>0&<200,151,6,1.393,2.13,75.8,40.2,0.503,0.503,NaN,NaN,NaN,NaN,NaN,NaN,NaN,NaN
en608,5',17-18-19-20',NA',L3,2018-02-01 09:33:26+00:00,2018-02-01 11:00:00+00:00,2018-02-02 11:00:00+00:00,40.8559225,-70.884435,3.1295,4.8702,1,6.83629411764706,1.04770705657111,TF,wsw,N,65%,b,c,>0&<200,151,6,1.393,2.13,77.1,40,0.503,0.503,NaN,NaN,NaN,NaN,NaN,NaN,NaN,NaN
en608,5',17-18-19-20',NA',L3,2018-02-01 09:33:26+00:00,2018-02-01 11:00:00+00:00,2018-02-02 11:00:00+00:00,40.8559225,-70.884435,3.1295,4.8702,1,6.83629411764706,1.04770705657111,TF,dil,N,65%,a,a,>10&<200,151,6,1.393,2.13,19.9,10.1,0.503,0.503,NaN,NaN,NaN,NaN,NaN,NaN,NaN,NaN
en608,5',17-18-19-20',NA',L3,2018-02-01 09:33:26+00:00,2018-02-01 11:00:00+00:00,2018-02-02 11:00:00+00:00,40.8559225,-70.884435,3.1295,4.8702,1,6.83629411764706,1.04770705657111,TF,dil,N,65%,a,b,>10&<200,151,6,1.393,2.13,14.7,7.66,0.503,0.503,NaN,NaN,NaN,NaN,NaN,NaN,NaN,NaN
en608,5',17-18-19-20',NA',L3,2018-02-01 09:33:26+00:00,2018-02-01 11:00:00+00:00,2018-02-02 11:00:00+00:00,40.8559225,-70.884435,3.1295,4.8702,1,6.83629411764706,1.04770705657111,TF,dil,N,65%,a,c,>10&<200,151,6,1.393,2.13,14.3,7.28,0.503,0.503,NaN,NaN,NaN,NaN,NaN,NaN,NaN,NaN
en608,5',17-18-19-20',NA',L3,2018-02-01 09:33:26+00:00,2018-02-01 11:00:00+00:00,2018-02-02 11:00:00+00:00,40.8559225,-70.884435,3.1295,4.8702,1,6.83629411764706,1.04770705657111,TF,dil,N,65%,b,a,>10&<200,151,6,1.393,2.13,18.2,9.13,0.503,0.503,NaN,NaN,NaN,NaN,NaN,NaN,NaN,NaN
en608,5',17-18-19-20',NA',L3,2018-02-01 09:33:26+00:00,2018-02-01 11:00:00+00:00,2018-02-02 11:00:00+00:00,40.8559225,-70.884435,3.1295,4.8702,1,6.83629411764706,1.04770705657111,TF,dil,N,65%,b,b,>10&<200,151,6,1.393,2.13,17.3,8.77,0.503,0.503,NaN,NaN,NaN,NaN,NaN,NaN,NaN,NaN
en608,5',17-18-19-20',NA',L3,2018-02-01 09:33:26+00:00,2018-02-01 11:00:00+00:00,2018-02-02 11:00:00+00:00,40.8559225,-70.884435,3.1295,4.8702,1,6.83629411764706,1.04770705657111,TF,dil,N,65%,b,c,>10&<200,151,6,1.393,2.13,17.9,9.13,0.503,0.503,NaN,NaN,NaN,NaN,NaN,NaN,NaN,NaN
en608,5',17-18-19-20',NA',L3,2018-02-01 09:33:26+00:00,2018-02-01 11:00:00+00:00,2018-02-02 11:00:00+00:00,40.8559225,-70.884435,3.1295,4.8702,1,6.83629411764706,1.04770705657111,TF,wsw,N,65%,a,a,>10&<200,151,6,1.393,2.13,73.9,36.4,0.503,0.503,NaN,NaN,NaN,NaN,NaN,NaN,NaN,NaN
en608,5',17-18-19-20',NA',L3,2018-02-01 09:33:26+00:00,2018-02-01 11:00:00+00:00,2018-02-02 11:00:00+00:00,40.8559225,-70.884435,3.1295,4.8702,1,6.83629411764706,1.04770705657111,TF,wsw,N,65%,a,b,>10&<200,151,6,1.393,2.13,70.7,35.3,0.503,0.503,NaN,NaN,NaN,NaN,NaN,NaN,NaN,NaN
en608,5',17-18-19-20',NA',L3,2018-02-01 09:33:26+00:00,2018-02-01 11:00:00+00:00,2018-02-02 11:00:00+00:00,40.8559225,-70.884435,3.1295,4.8702,1,6.83629411764706,1.04770705657111,TF,wsw,N,65%,a,c,>10&<200,151,6,1.393,2.13,NaN,NaN,0.503,0.503,NaN,NaN,NaN,NaN,NaN,NaN,NaN,NaN
en608,5',17-18-19-20',NA',L3,2018-02-01 09:33:26+00:00,2018-02-01 11:00:00+00:00,2018-02-02 11:00:00+00:00,40.8559225,-70.884435,3.1295,4.8702,1,6.83629411764706,1.04770705657111,TF,wsw,N,65%,b,a,>10&<200,151,6,1.393,2.13,67.7,33.6,0.503,0.503,NaN,NaN,NaN,NaN,NaN,NaN,NaN,NaN
en608,5',17-18-19-20',NA',L3,2018-02-01 09:33:26+00:00,2018-02-01 11:00:00+00:00,2018-02-02 11:00:00+00:00,40.8559225,-70.884435,3.1295,4.8702,1,6.83629411764706,1.04770705657111,TF,wsw,N,65%,b,b,>10&<200,151,6,1.393,2.13,66.7,32.7,0.503,0.503,NaN,NaN,NaN,NaN,NaN,NaN,NaN,NaN
en608,5',17-18-19-20',NA',L3,2018-02-01 09:33:26+00:00,2018-02-01 11:00:00+00:00,2018-02-02 11:00:00+00:00,40.8559225,-70.884435,3.1295,4.8702,1,6.83629411764706,1.04770705657111,TF,wsw,N,65%,b,c,>10&<200,151,6,1.393,2.13,62,30.2,0.503,0.503,NaN,NaN,NaN,NaN,NaN,NaN,NaN,NaN
en608,8',20-21-22-23',NA',L4,2018-02-01 19:31:38+00:00,2018-02-01 20:30:00+00:00,2018-02-02 20:50:00+00:00,40.6927875,-70.8842075,5.32675,4.49665,1,7.18749146757679,1.0985482624945,T0,dil,NA,NA,NA,a,>0&<200,151,6,1.393,2.13,15.1,9.03,0.505,0.505,NaN,NaN,NaN,NaN,NaN,NaN,NaN,NaN
en608,8',20-21-22-23',NA',L4,2018-02-01 19:31:38+00:00,2018-02-01 20:30:00+00:00,2018-02-02 20:50:00+00:00,40.6927875,-70.8842075,5.32675,4.49665,1,7.18749146757679,1.0985482624945,T0,dil,NA,NA,NA,b,>0&<200,151,6,1.393,2.13,15.6,8.29,0.505,0.505,NaN,NaN,NaN,NaN,NaN,NaN,NaN,NaN
en608,8',20-21-22-23',NA',L4,2018-02-01 19:31:38+00:00,2018-02-01 20:30:00+00:00,2018-02-02 20:50:00+00:00,40.6927875,-70.8842075,5.32675,4.49665,1,7.18749146757679,1.0985482624945,T0,dil,NA,NA,NA,c,>0&<200,151,6,1.393,2.13,13.7,7.75,0.505,0.505,NaN,NaN,NaN,NaN,NaN,NaN,NaN,NaN
en608,8',20-21-22-23',NA',L4,2018-02-01 19:31:38+00:00,2018-02-01 20:30:00+00:00,2018-02-02 20:50:00+00:00,40.6927875,-70.8842075,5.32675,4.49665,1,7.18749146757679,1.0985482624945,T0,dil,NA,NA,NA,a,>10&<200,151,6,1.393,2.13,11.6,6.4,0.505,0.505,NaN,NaN,NaN,NaN,NaN,NaN,NaN,NaN
en608,8',20-21-22-23',NA',L4,2018-02-01 19:31:38+00:00,2018-02-01 20:30:00+00:00,2018-02-02 20:50:00+00:00,40.6927875,-70.8842075,5.32675,4.49665,1,7.18749146757679,1.0985482624945,T0,dil,NA,NA,NA,b,>10&<200,151,6,1.393,2.13,13.3,7.13,0.505,0.505,NaN,NaN,NaN,NaN,NaN,NaN,NaN,NaN
en608,8',20-21-22-23',NA',L4,2018-02-01 19:31:38+00:00,2018-02-01 20:30:00+00:00,2018-02-02 20:50:00+00:00,40.6927875,-70.8842075,5.32675,4.49665,1,7.18749146757679,1.0985482624945,T0,dil,NA,NA,NA,c,>10&<200,151,6,1.393,2.13,9.94,5.51,0.505,0.505,NaN,NaN,NaN,NaN,NaN,NaN,NaN,NaN
en608,8',20-21-22-23',NA',L4,2018-02-01 19:31:38+00:00,2018-02-01 20:30:00+00:00,2018-02-02 20:50:00+00:00,40.6927875,-70.8842075,5.32675,4.49665,1,7.18749146757679,1.0985482624945,T0,wsw,NA,NA,NA,a,>0&<200,151,6,1.393,2.13,77.3,44,0.505,0.505,NaN,NaN,NaN,NaN,NaN,NaN,NaN,NaN
en608,8',20-21-22-23',NA',L4,2018-02-01 19:31:38+00:00,2018-02-01 20:30:00+00:00,2018-02-02 20:50:00+00:00,40.6927875,-70.8842075,5.32675,4.49665,1,7.18749146757679,1.0985482624945,T0,wsw,NA,NA,NA,b,>0&<200,151,6,1.393,2.13,71.7,40.6,0.505,0.505,NaN,NaN,NaN,NaN,NaN,NaN,NaN,NaN
en608,8',20-21-22-23',NA',L4,2018-02-01 19:31:38+00:00,2018-02-01 20:30:00+00:00,2018-02-02 20:50:00+00:00,40.6927875,-70.8842075,5.32675,4.49665,1,7.18749146757679,1.0985482624945,T0,wsw,NA,NA,NA,c,>0&<200,151,6,1.393,2.13,69.8,44.2,0.505,0.505,NaN,NaN,NaN,NaN,NaN,NaN,NaN,NaN
en608,8',20-21-22-23',NA',L4,2018-02-01 19:31:38+00:00,2018-02-01 20:30:00+00:00,2018-02-02 20:50:00+00:00,40.6927875,-70.8842075,5.32675,4.49665,1,7.18749146757679,1.0985482624945,T0,wsw,NA,NA,NA,a,>10&<200,151,6,1.393,2.13,46.3,33,0.505,0.505,NaN,NaN,NaN,NaN,NaN,NaN,NaN,NaN
en608,8',20-21-22-23',NA',L4,2018-02-01 19:31:38+00:00,2018-02-01 20:30:00+00:00,2018-02-02 20:50:00+00:00,40.6927875,-70.8842075,5.32675,4.49665,1,7.18749146757679,1.0985482624945,T0,wsw,NA,NA,NA,b,>10&<200,151,6,1.393,2.13,61.8,33.8,0.505,0.505,NaN,NaN,NaN,NaN,NaN,NaN,NaN,NaN
en608,8',20-21-22-23',NA',L4,2018-02-01 19:31:38+00:00,2018-02-01 20:30:00+00:00,2018-02-02 20:50:00+00:00,40.6927875,-70.8842075,5.32675,4.49665,1,7.18749146757679,1.0985482624945,T0,wsw,NA,NA,NA,c,>10&<200,151,6,1.393,2.13,48.4,34.2,0.505,0.505,NaN,NaN,NaN,NaN,NaN,NaN,NaN,NaN
en608,8',20-21-22-23',NA',L4,2018-02-01 19:31:38+00:00,2018-02-01 20:30:00+00:00,2018-02-02 20:50:00+00:00,40.6927875,-70.8842075,5.32675,4.49665,1,7.18749146757679,1.0985482624945,TF,dil,N,15%,a,a,>0&<200,151,6,1.393,2.13,17.5,10.1,0.547,0.547,NaN,NaN,NaN,NaN,NaN,NaN,NaN,NaN
en608,8',20-21-22-23',NA',L4,2018-02-01 19:31:38+00:00,2018-02-01 20:30:00+00:00,2018-02-02 20:50:00+00:00,40.6927875,-70.8842075,5.32675,4.49665,1,7.18749146757679,1.0985482624945,TF,dil,N,15%,a,b,>0&<200,151,6,1.393,2.13,15.8,8.49,0.547,0.547,NaN,NaN,NaN,NaN,NaN,NaN,NaN,NaN
en608,8',20-21-22-23',NA',L4,2018-02-01 19:31:38+00:00,2018-02-01 20:30:00+00:00,2018-02-02 20:50:00+00:00,40.6927875,-70.8842075,5.32675,4.49665,1,7.18749146757679,1.0985482624945,TF,dil,N,15%,a,c,>0&<200,151,6,1.393,2.13,18.1,10.1,0.547,0.547,NaN,NaN,NaN,NaN,NaN,NaN,NaN,NaN
en608,8',20-21-22-23',NA',L4,2018-02-01 19:31:38+00:00,2018-02-01 20:30:00+00:00,2018-02-02 20:50:00+00:00,40.6927875,-70.8842075,5.32675,4.49665,1,7.18749146757679,1.0985482624945,TF,dil,N,15%,b,a,>0&<200,151,6,1.393,2.13,15.8,9.06,0.547,0.547,NaN,NaN,NaN,NaN,NaN,NaN,NaN,NaN
en608,8',20-21-22-23',NA',L4,2018-02-01 19:31:38+00:00,2018-02-01 20:30:00+00:00,2018-02-02 20:50:00+00:00,40.6927875,-70.8842075,5.32675,4.49665,1,7.18749146757679,1.0985482624945,TF,dil,N,15%,b,b,>0&<200,151,6,1.393,2.13,16.2,9.53,0.547,0.547,NaN,NaN,NaN,NaN,NaN,NaN,NaN,NaN
en608,8',20-21-22-23',NA',L4,2018-02-01 19:31:38+00:00,2018-02-01 20:30:00+00:00,2018-02-02 20:50:00+00:00,40.6927875,-70.8842075,5.32675,4.49665,1,7.18749146757679,1.0985482624945,TF,dil,N,15%,b,c,>0&<200,151,6,1.393,2.13,16.8,9.34,0.547,0.547,NaN,NaN,NaN,NaN,NaN,NaN,NaN,NaN
en608,8',20-21-22-23',NA',L4,2018-02-01 19:31:38+00:00,2018-02-01 20:30:00+00:00,2018-02-02 20:50:00+00:00,40.6927875,-70.8842075,5.32675,4.49665,1,7.18749146757679,1.0985482624945,TF,wsw,NoN,15%,a,a,>0&<200,151,6,1.393,2.13,83.6,46.8,0.547,0.547,NaN,NaN,NaN,NaN,NaN,NaN,NaN,NaN
en608,8',20-21-22-23',NA',L4,2018-02-01 19:31:38+00:00,2018-02-01 20:30:00+00:00,2018-02-02 20:50:00+00:00,40.6927875,-70.8842075,5.32675,4.49665,1,7.18749146757679,1.0985482624945,TF,wsw,NoN,15%,a,b,>0&<200,151,6,1.393,2.13,87.5,46,0.547,0.547,NaN,NaN,NaN,NaN,NaN,NaN,NaN,NaN
en608,8',20-21-22-23',NA',L4,2018-02-01 19:31:38+00:00,2018-02-01 20:30:00+00:00,2018-02-02 20:50:00+00:00,40.6927875,-70.8842075,5.32675,4.49665,1,7.18749146757679,1.0985482624945,TF,wsw,NoN,15%,a,c,>0&<200,151,6,1.393,2.13,92,46.6,0.547,0.547,NaN,NaN,NaN,NaN,NaN,NaN,NaN,NaN
en608,8',20-21-22-23',NA',L4,2018-02-01 19:31:38+00:00,2018-02-01 20:30:00+00:00,2018-02-02 20:50:00+00:00,40.6927875,-70.8842075,5.32675,4.49665,1,7.18749146757679,1.0985482624945,TF,wsw,NoN,15%,b,a,>0&<200,151,6,1.393,2.13,84.2,44,0.547,0.547,NaN,NaN,NaN,NaN,NaN,NaN,NaN,NaN
en608,8',20-21-22-23',NA',L4,2018-02-01 19:31:38+00:00,2018-02-01 20:30:00+00:00,2018-02-02 20:50:00+00:00,40.6927875,-70.8842075,5.32675,4.49665,1,7.18749146757679,1.0985482624945,TF,wsw,NoN,15%,b,b,>0&<200,151,6,1.393,2.13,87.9,43.8,0.547,0.547,NaN,NaN,NaN,NaN,NaN,NaN,NaN,NaN
en608,8',20-21-22-23',NA',L4,2018-02-01 19:31:38+00:00,2018-02-01 20:30:00+00:00,2018-02-02 20:50:00+00:00,40.6927875,-70.8842075,5.32675,4.49665,1,7.18749146757679,1.0985482624945,TF,wsw,NoN,15%,b,c,>0&<200,151,6,1.393,2.13,95.5,48.1,0.547,0.547,NaN,NaN,NaN,NaN,NaN,NaN,NaN,NaN
en608,8',20-21-22-23',NA',L4,2018-02-01 19:31:38+00:00,2018-02-01 20:30:00+00:00,2018-02-02 20:50:00+00:00,40.6927875,-70.8842075,5.32675,4.49665,1,7.18749146757679,1.0985482624945,TF,wsw,N,15%,a,a,>0&<200,151,6,1.393,2.13,90.4,46,0.547,0.547,NaN,NaN,NaN,NaN,NaN,NaN,NaN,NaN
en608,8',20-21-22-23',NA',L4,2018-02-01 19:31:38+00:00,2018-02-01 20:30:00+00:00,2018-02-02 20:50:00+00:00,40.6927875,-70.8842075,5.32675,4.49665,1,7.18749146757679,1.0985482624945,TF,wsw,N,15%,a,b,>0&<200,151,6,1.393,2.13,87.5,45.7,0.547,0.547,NaN,NaN,NaN,NaN,NaN,NaN,NaN,NaN
en608,8',20-21-22-23',NA',L4,2018-02-01 19:31:38+00:00,2018-02-01 20:30:00+00:00,2018-02-02 20:50:00+00:00,40.6927875,-70.8842075,5.32675,4.49665,1,7.18749146757679,1.0985482624945,TF,wsw,N,15%,a,c,>0&<200,151,6,1.393,2.13,85.1,45,0.547,0.547,NaN,NaN,NaN,NaN,NaN,NaN,NaN,NaN
en608,8',20-21-22-23',NA',L4,2018-02-01 19:31:38+00:00,2018-02-01 20:30:00+00:00,2018-02-02 20:50:00+00:00,40.6927875,-70.8842075,5.32675,4.49665,1,7.18749146757679,1.0985482624945,TF,wsw,N,15%,b,a,>0&<200,151,6,1.393,2.13,89.8,45.6,0.547,0.547,NaN,NaN,NaN,NaN,NaN,NaN,NaN,NaN
en608,8',20-21-22-23',NA',L4,2018-02-01 19:31:38+00:00,2018-02-01 20:30:00+00:00,2018-02-02 20:50:00+00:00,40.6927875,-70.8842075,5.32675,4.49665,1,7.18749146757679,1.0985482624945,TF,wsw,N,15%,b,b,>0&<200,151,6,1.393,2.13,85.6,45.3,0.547,0.547,NaN,NaN,NaN,NaN,NaN,NaN,NaN,NaN
en608,8',20-21-22-23',NA',L4,2018-02-01 19:31:38+00:00,2018-02-01 20:30:00+00:00,2018-02-02 20:50:00+00:00,40.6927875,-70.8842075,5.32675,4.49665,1,7.18749146757679,1.0985482624945,TF,wsw,N,15%,b,c,>0&<200,151,6,1.393,2.13,89,45.9,0.547,0.547,NaN,NaN,NaN,NaN,NaN,NaN,NaN,NaN
en608,8',20-21-22-23',NA',L4,2018-02-01 19:31:38+00:00,2018-02-01 20:30:00+00:00,2018-02-02 20:50:00+00:00,40.6927875,-70.8842075,5.32675,4.49665,1,7.18749146757679,1.0985482624945,TF,dil,N,65%,a,a,>0&<200,151,6,1.393,2.13,17,9.15,0.547,0.547,NaN,NaN,NaN,NaN,NaN,NaN,NaN,NaN
en608,8',20-21-22-23',NA',L4,2018-02-01 19:31:38+00:00,2018-02-01 20:30:00+00:00,2018-02-02 20:50:00+00:00,40.6927875,-70.8842075,5.32675,4.49665,1,7.18749146757679,1.0985482624945,TF,dil,N,65%,a,b,>0&<200,151,6,1.393,2.13,17.4,9.16,0.547,0.547,NaN,NaN,NaN,NaN,NaN,NaN,NaN,NaN
en608,8',20-21-22-23',NA',L4,2018-02-01 19:31:38+00:00,2018-02-01 20:30:00+00:00,2018-02-02 20:50:00+00:00,40.6927875,-70.8842075,5.32675,4.49665,1,7.18749146757679,1.0985482624945,TF,dil,N,65%,a,c,>0&<200,151,6,1.393,2.13,18.9,10.1,0.547,0.547,NaN,NaN,NaN,NaN,NaN,NaN,NaN,NaN
en608,8',20-21-22-23',NA',L4,2018-02-01 19:31:38+00:00,2018-02-01 20:30:00+00:00,2018-02-02 20:50:00+00:00,40.6927875,-70.8842075,5.32675,4.49665,1,7.18749146757679,1.0985482624945,TF,dil,N,65%,b,a,>0&<200,151,6,1.393,2.13,15.2,8.84,0.547,0.547,NaN,NaN,NaN,NaN,NaN,NaN,NaN,NaN
en608,8',20-21-22-23',NA',L4,2018-02-01 19:31:38+00:00,2018-02-01 20:30:00+00:00,2018-02-02 20:50:00+00:00,40.6927875,-70.8842075,5.32675,4.49665,1,7.18749146757679,1.0985482624945,TF,dil,N,65%,b,b,>0&<200,151,6,1.393,2.13,15.9,9.63,0.547,0.547,NaN,NaN,NaN,NaN,NaN,NaN,NaN,NaN
en608,8',20-21-22-23',NA',L4,2018-02-01 19:31:38+00:00,2018-02-01 20:30:00+00:00,2018-02-02 20:50:00+00:00,40.6927875,-70.8842075,5.32675,4.49665,1,7.18749146757679,1.0985482624945,TF,dil,N,65%,b,c,>0&<200,151,6,1.393,2.13,15,7.84,0.547,0.547,NaN,NaN,NaN,NaN,NaN,NaN,NaN,NaN
en608,8',20-21-22-23',NA',L4,2018-02-01 19:31:38+00:00,2018-02-01 20:30:00+00:00,2018-02-02 20:50:00+00:00,40.6927875,-70.8842075,5.32675,4.49665,1,7.18749146757679,1.0985482624945,TF,wsw,NoN,65%,a,a,>0&<200,151,6,1.393,2.13,85.8,44.8,0.547,0.547,NaN,NaN,NaN,NaN,NaN,NaN,NaN,NaN
en608,8',20-21-22-23',NA',L4,2018-02-01 19:31:38+00:00,2018-02-01 20:30:00+00:00,2018-02-02 20:50:00+00:00,40.6927875,-70.8842075,5.32675,4.49665,1,7.18749146757679,1.0985482624945,TF,wsw,NoN,65%,a,b,>0&<200,151,6,1.393,2.13,88.3,47.2,0.547,0.547,NaN,NaN,NaN,NaN,NaN,NaN,NaN,NaN
en608,8',20-21-22-23',NA',L4,2018-02-01 19:31:38+00:00,2018-02-01 20:30:00+00:00,2018-02-02 20:50:00+00:00,40.6927875,-70.8842075,5.32675,4.49665,1,7.18749146757679,1.0985482624945,TF,wsw,NoN,65%,a,c,>0&<200,151,6,1.393,2.13,83.3,43.7,0.547,0.547,NaN,NaN,NaN,NaN,NaN,NaN,NaN,NaN
en608,8',20-21-22-23',NA',L4,2018-02-01 19:31:38+00:00,2018-02-01 20:30:00+00:00,2018-02-02 20:50:00+00:00,40.6927875,-70.8842075,5.32675,4.49665,1,7.18749146757679,1.0985482624945,TF,wsw,NoN,65%,b,a,>0&<200,151,6,1.393,2.13,85.9,44.2,0.547,0.547,NaN,NaN,NaN,NaN,NaN,NaN,NaN,NaN
en608,8',20-21-22-23',NA',L4,2018-02-01 19:31:38+00:00,2018-02-01 20:30:00+00:00,2018-02-02 20:50:00+00:00,40.6927875,-70.8842075,5.32675,4.49665,1,7.18749146757679,1.0985482624945,TF,wsw,NoN,65%,b,b,>0&<200,151,6,1.393,2.13,87.4,45.3,0.547,0.547,NaN,NaN,NaN,NaN,NaN,NaN,NaN,NaN
en608,8',20-21-22-23',NA',L4,2018-02-01 19:31:38+00:00,2018-02-01 20:30:00+00:00,2018-02-02 20:50:00+00:00,40.6927875,-70.8842075,5.32675,4.49665,1,7.18749146757679,1.0985482624945,TF,wsw,NoN,65%,b,c,>0&<200,151,6,1.393,2.13,86.1,47,0.547,0.547,NaN,NaN,NaN,NaN,NaN,NaN,NaN,NaN
en608,8',20-21-22-23',NA',L4,2018-02-01 19:31:38+00:00,2018-02-01 20:30:00+00:00,2018-02-02 20:50:00+00:00,40.6927875,-70.8842075,5.32675,4.49665,1,7.18749146757679,1.0985482624945,TF,wsw,N,65%,a,a,>0&<200,151,6,1.393,2.13,89.9,45.1,0.547,0.547,NaN,NaN,NaN,NaN,NaN,NaN,NaN,NaN
en608,8',20-21-22-23',NA',L4,2018-02-01 19:31:38+00:00,2018-02-01 20:30:00+00:00,2018-02-02 20:50:00+00:00,40.6927875,-70.8842075,5.32675,4.49665,1,7.18749146757679,1.0985482624945,TF,wsw,N,65%,a,b,>0&<200,151,6,1.393,2.13,89.5,45.5,0.547,0.547,NaN,NaN,NaN,NaN,NaN,NaN,NaN,NaN
en608,8',20-21-22-23',NA',L4,2018-02-01 19:31:38+00:00,2018-02-01 20:30:00+00:00,2018-02-02 20:50:00+00:00,40.6927875,-70.8842075,5.32675,4.49665,1,7.18749146757679,1.0985482624945,TF,wsw,N,65%,a,c,>0&<200,151,6,1.393,2.13,87.4,47.5,0.547,0.547,NaN,NaN,NaN,NaN,NaN,NaN,NaN,NaN
en608,8',20-21-22-23',NA',L4,2018-02-01 19:31:38+00:00,2018-02-01 20:30:00+00:00,2018-02-02 20:50:00+00:00,40.6927875,-70.8842075,5.32675,4.49665,1,7.18749146757679,1.0985482624945,TF,wsw,N,65%,b,a,>0&<200,151,6,1.393,2.13,79.4,43.2,0.547,0.547,NaN,NaN,NaN,NaN,NaN,NaN,NaN,NaN
en608,8',20-21-22-23',NA',L4,2018-02-01 19:31:38+00:00,2018-02-01 20:30:00+00:00,2018-02-02 20:50:00+00:00,40.6927875,-70.8842075,5.32675,4.49665,1,7.18749146757679,1.0985482624945,TF,wsw,N,65%,b,b,>0&<200,151,6,1.393,2.13,83.2,47.2,0.547,0.547,NaN,NaN,NaN,NaN,NaN,NaN,NaN,NaN
en608,8',20-21-22-23',NA',L4,2018-02-01 19:31:38+00:00,2018-02-01 20:30:00+00:00,2018-02-02 20:50:00+00:00,40.6927875,-70.8842075,5.32675,4.49665,1,7.18749146757679,1.0985482624945,TF,wsw,N,65%,b,c,>0&<200,151,6,1.393,2.13,77.8,42.8,0.547,0.547,NaN,NaN,NaN,NaN,NaN,NaN,NaN,NaN
en608,8',20-21-22-23',NA',L4,2018-02-01 19:31:38+00:00,2018-02-01 20:30:00+00:00,2018-02-02 20:50:00+00:00,40.6927875,-70.8842075,5.32675,4.49665,1,7.18749146757679,1.0985482624945,TF,dil,N,65%,a,a,>10&<200,151,6,1.393,2.13,16.4,8.37,0.547,0.547,NaN,NaN,NaN,NaN,NaN,NaN,NaN,NaN
en608,8',20-21-22-23',NA',L4,2018-02-01 19:31:38+00:00,2018-02-01 20:30:00+00:00,2018-02-02 20:50:00+00:00,40.6927875,-70.8842075,5.32675,4.49665,1,7.18749146757679,1.0985482624945,TF,dil,N,65%,a,b,>10&<200,151,6,1.393,2.13,16,8,0.547,0.547,NaN,NaN,NaN,NaN,NaN,NaN,NaN,NaN
en608,8',20-21-22-23',NA',L4,2018-02-01 19:31:38+00:00,2018-02-01 20:30:00+00:00,2018-02-02 20:50:00+00:00,40.6927875,-70.8842075,5.32675,4.49665,1,7.18749146757679,1.0985482624945,TF,dil,N,65%,a,c,>10&<200,151,6,1.393,2.13,NaN,NaN,0.547,0.547,NaN,NaN,NaN,NaN,NaN,NaN,NaN,NaN
en608,8',20-21-22-23',NA',L4,2018-02-01 19:31:38+00:00,2018-02-01 20:30:00+00:00,2018-02-02 20:50:00+00:00,40.6927875,-70.8842075,5.32675,4.49665,1,7.18749146757679,1.0985482624945,TF,dil,N,65%,b,a,>10&<200,151,6,1.393,2.13,16.9,8.92,0.547,0.547,NaN,NaN,NaN,NaN,NaN,NaN,NaN,NaN
en608,8',20-21-22-23',NA',L4,2018-02-01 19:31:38+00:00,2018-02-01 20:30:00+00:00,2018-02-02 20:50:00+00:00,40.6927875,-70.8842075,5.32675,4.49665,1,7.18749146757679,1.0985482624945,TF,dil,N,65%,b,b,>10&<200,151,6,1.393,2.13,17.9,8.94,0.547,0.547,NaN,NaN,NaN,NaN,NaN,NaN,NaN,NaN
en608,8',20-21-22-23',NA',L4,2018-02-01 19:31:38+00:00,2018-02-01 20:30:00+00:00,2018-02-02 20:50:00+00:00,40.6927875,-70.8842075,5.32675,4.49665,1,7.18749146757679,1.0985482624945,TF,dil,N,65%,b,c,>10&<200,151,6,1.393,2.13,16.1,8.08,0.547,0.547,NaN,NaN,NaN,NaN,NaN,NaN,NaN,NaN
en608,8',20-21-22-23',NA',L4,2018-02-01 19:31:38+00:00,2018-02-01 20:30:00+00:00,2018-02-02 20:50:00+00:00,40.6927875,-70.8842075,5.32675,4.49665,1,7.18749146757679,1.0985482624945,TF,wsw,N,65%,a,a,>10&<200,151,6,1.393,2.13,84.5,43.9,0.547,0.547,NaN,NaN,NaN,NaN,NaN,NaN,NaN,NaN
en608,8',20-21-22-23',NA',L4,2018-02-01 19:31:38+00:00,2018-02-01 20:30:00+00:00,2018-02-02 20:50:00+00:00,40.6927875,-70.8842075,5.32675,4.49665,1,7.18749146757679,1.0985482624945,TF,wsw,N,65%,a,b,>10&<200,151,6,1.393,2.13,71.6,36.5,0.547,0.547,NaN,NaN,NaN,NaN,NaN,NaN,NaN,NaN
en608,8',20-21-22-23',NA',L4,2018-02-01 19:31:38+00:00,2018-02-01 20:30:00+00:00,2018-02-02 20:50:00+00:00,40.6927875,-70.8842075,5.32675,4.49665,1,7.18749146757679,1.0985482624945,TF,wsw,N,65%,a,c,>10&<200,151,6,1.393,2.13,NaN,NaN,0.547,0.547,NaN,NaN,NaN,NaN,NaN,NaN,NaN,NaN
en608,8',20-21-22-23',NA',L4,2018-02-01 19:31:38+00:00,2018-02-01 20:30:00+00:00,2018-02-02 20:50:00+00:00,40.6927875,-70.8842075,5.32675,4.49665,1,7.18749146757679,1.0985482624945,TF,wsw,N,65%,b,a,>10&<200,151,6,1.393,2.13,69.9,39.7,0.547,0.547,NaN,NaN,NaN,NaN,NaN,NaN,NaN,NaN
en608,8',20-21-22-23',NA',L4,2018-02-01 19:31:38+00:00,2018-02-01 20:30:00+00:00,2018-02-02 20:50:00+00:00,40.6927875,-70.8842075,5.32675,4.49665,1,7.18749146757679,1.0985482624945,TF,wsw,N,65%,b,b,>10&<200,151,6,1.393,2.13,62.8,34.8,0.547,0.547,NaN,NaN,NaN,NaN,NaN,NaN,NaN,NaN
en608,8',20-21-22-23',NA',L4,2018-02-01 19:31:38+00:00,2018-02-01 20:30:00+00:00,2018-02-02 20:50:00+00:00,40.6927875,-70.8842075,5.32675,4.49665,1,7.18749146757679,1.0985482624945,TF,wsw,N,65%,b,c,>10&<200,151,6,1.393,2.13,NaN,NaN,0.547,0.547,NaN,NaN,NaN,NaN,NaN,NaN,NaN,NaN
en608,15',22-23-24',NA',L8,2018-02-02 19:23:45+00:00,2018-02-02 20:50:00+00:00,2018-02-03 21:00:00+00:00,40.1199533333333,-70.8063166666667,6.107,8.50726666666667,1,8.97120618556701,1.34580723068666,T0,dil,NA,NA,NA,a,>0&<200,151,6,1.393,2.13,8.97,4.95,0.5475,0.5475,NaN,NaN,NaN,NaN,NaN,NaN,NaN,NaN
en608,15',22-23-24',NA',L8,2018-02-02 19:23:45+00:00,2018-02-02 20:50:00+00:00,2018-02-03 21:00:00+00:00,40.1199533333333,-70.8063166666667,6.107,8.50726666666667,1,8.97120618556701,1.34580723068666,T0,dil,NA,NA,NA,b,>0&<200,151,6,1.393,2.13,8.91,5.88,0.5475,0.5475,NaN,NaN,NaN,NaN,NaN,NaN,NaN,NaN
en608,15',22-23-24',NA',L8,2018-02-02 19:23:45+00:00,2018-02-02 20:50:00+00:00,2018-02-03 21:00:00+00:00,40.1199533333333,-70.8063166666667,6.107,8.50726666666667,1,8.97120618556701,1.34580723068666,T0,dil,NA,NA,NA,c,>0&<200,151,6,1.393,2.13,9.76,6.3,0.5475,0.5475,NaN,NaN,NaN,NaN,NaN,NaN,NaN,NaN
en608,15',22-23-24',NA',L8,2018-02-02 19:23:45+00:00,2018-02-02 20:50:00+00:00,2018-02-03 21:00:00+00:00,40.1199533333333,-70.8063166666667,6.107,8.50726666666667,1,8.97120618556701,1.34580723068666,T0,dil,NA,NA,NA,a,>10&<200,151,6,1.393,2.13,7.85,4.16,0.5475,0.5475,NaN,NaN,NaN,NaN,NaN,NaN,NaN,NaN
en608,15',22-23-24',NA',L8,2018-02-02 19:23:45+00:00,2018-02-02 20:50:00+00:00,2018-02-03 21:00:00+00:00,40.1199533333333,-70.8063166666667,6.107,8.50726666666667,1,8.97120618556701,1.34580723068666,T0,dil,NA,NA,NA,b,>10&<200,151,6,1.393,2.13,7.67,4.06,0.5475,0.5475,NaN,NaN,NaN,NaN,NaN,NaN,NaN,NaN
en608,15',22-23-24',NA',L8,2018-02-02 19:23:45+00:00,2018-02-02 20:50:00+00:00,2018-02-03 21:00:00+00:00,40.1199533333333,-70.8063166666667,6.107,8.50726666666667,1,8.97120618556701,1.34580723068666,T0,dil,NA,NA,NA,c,>10&<200,151,6,1.393,2.13,7.88,4.13,0.5475,0.5475,NaN,NaN,NaN,NaN,NaN,NaN,NaN,NaN
en608,15',22-23-24',NA',L8,2018-02-02 19:23:45+00:00,2018-02-02 20:50:00+00:00,2018-02-03 21:00:00+00:00,40.1199533333333,-70.8063166666667,6.107,8.50726666666667,1,8.97120618556701,1.34580723068666,T0,wsw,NA,NA,NA,a,>0&<200,151,6,1.393,2.13,50.5,25.9,0.5475,0.5475,NaN,NaN,NaN,NaN,NaN,NaN,NaN,NaN
en608,15',22-23-24',NA',L8,2018-02-02 19:23:45+00:00,2018-02-02 20:50:00+00:00,2018-02-03 21:00:00+00:00,40.1199533333333,-70.8063166666667,6.107,8.50726666666667,1,8.97120618556701,1.34580723068666,T0,wsw,NA,NA,NA,b,>0&<200,151,6,1.393,2.13,52,28.4,0.5475,0.5475,NaN,NaN,NaN,NaN,NaN,NaN,NaN,NaN
en608,15',22-23-24',NA',L8,2018-02-02 19:23:45+00:00,2018-02-02 20:50:00+00:00,2018-02-03 21:00:00+00:00,40.1199533333333,-70.8063166666667,6.107,8.50726666666667,1,8.97120618556701,1.34580723068666,T0,wsw,NA,NA,NA,c,>0&<200,151,6,1.393,2.13,50.7,31.3,0.5475,0.5475,NaN,NaN,NaN,NaN,NaN,NaN,NaN,NaN
en608,15',22-23-24',NA',L8,2018-02-02 19:23:45+00:00,2018-02-02 20:50:00+00:00,2018-02-03 21:00:00+00:00,40.1199533333333,-70.8063166666667,6.107,8.50726666666667,1,8.97120618556701,1.34580723068666,T0,wsw,NA,NA,NA,a,>10&<200,151,6,1.393,2.13,39.4,19.7,0.5475,0.5475,NaN,NaN,NaN,NaN,NaN,NaN,NaN,NaN
en608,15',22-23-24',NA',L8,2018-02-02 19:23:45+00:00,2018-02-02 20:50:00+00:00,2018-02-03 21:00:00+00:00,40.1199533333333,-70.8063166666667,6.107,8.50726666666667,1,8.97120618556701,1.34580723068666,T0,wsw,NA,NA,NA,b,>10&<200,151,6,1.393,2.13,35.3,17.5,0.5475,0.5475,NaN,NaN,NaN,NaN,NaN,NaN,NaN,NaN
en608,15',22-23-24',NA',L8,2018-02-02 19:23:45+00:00,2018-02-02 20:50:00+00:00,2018-02-03 21:00:00+00:00,40.1199533333333,-70.8063166666667,6.107,8.50726666666667,1,8.97120618556701,1.34580723068666,T0,wsw,NA,NA,NA,c,>10&<200,151,6,1.393,2.13,38.4,19.3,0.5475,0.5475,NaN,NaN,NaN,NaN,NaN,NaN,NaN,NaN
en608,15',22-23-24',NA',L8,2018-02-02 19:23:45+00:00,2018-02-02 20:50:00+00:00,2018-02-03 21:00:00+00:00,40.1199533333333,-70.8063166666667,6.107,8.50726666666667,1,8.97120618556701,1.34580723068666,TF,dil,N,15%,a,a,>0&<200,151,6,1.393,2.13,12,6.4,0.5405,0.5405,NaN,NaN,NaN,NaN,NaN,NaN,NaN,NaN
en608,15',22-23-24',NA',L8,2018-02-02 19:23:45+00:00,2018-02-02 20:50:00+00:00,2018-02-03 21:00:00+00:00,40.1199533333333,-70.8063166666667,6.107,8.50726666666667,1,8.97120618556701,1.34580723068666,TF,dil,N,15%,a,b,>0&<200,151,6,1.393,2.13,10.3,7.85,0.5405,0.5405,NaN,NaN,NaN,NaN,NaN,NaN,NaN,NaN
en608,15',22-23-24',NA',L8,2018-02-02 19:23:45+00:00,2018-02-02 20:50:00+00:00,2018-02-03 21:00:00+00:00,40.1199533333333,-70.8063166666667,6.107,8.50726666666667,1,8.97120618556701,1.34580723068666,TF,dil,N,15%,a,c,>0&<200,151,6,1.393,2.13,12,6.34,0.5405,0.5405,NaN,NaN,NaN,NaN,NaN,NaN,NaN,NaN
en608,15',22-23-24',NA',L8,2018-02-02 19:23:45+00:00,2018-02-02 20:50:00+00:00,2018-02-03 21:00:00+00:00,40.1199533333333,-70.8063166666667,6.107,8.50726666666667,1,8.97120618556701,1.34580723068666,TF,dil,N,15%,b,a,>0&<200,151,6,1.393,2.13,11.7,6.34,0.5405,0.5405,NaN,NaN,NaN,NaN,NaN,NaN,NaN,NaN
en608,15',22-23-24',NA',L8,2018-02-02 19:23:45+00:00,2018-02-02 20:50:00+00:00,2018-02-03 21:00:00+00:00,40.1199533333333,-70.8063166666667,6.107,8.50726666666667,1,8.97120618556701,1.34580723068666,TF,dil,N,15%,b,b,>0&<200,151,6,1.393,2.13,12.9,6.85,0.5405,0.5405,NaN,NaN,NaN,NaN,NaN,NaN,NaN,NaN
en608,15',22-23-24',NA',L8,2018-02-02 19:23:45+00:00,2018-02-02 20:50:00+00:00,2018-02-03 21:00:00+00:00,40.1199533333333,-70.8063166666667,6.107,8.50726666666667,1,8.97120618556701,1.34580723068666,TF,dil,N,15%,b,c,>0&<200,151,6,1.393,2.13,12.7,6.55,0.5405,0.5405,NaN,NaN,NaN,NaN,NaN,NaN,NaN,NaN
en608,15',22-23-24',NA',L8,2018-02-02 19:23:45+00:00,2018-02-02 20:50:00+00:00,2018-02-03 21:00:00+00:00,40.1199533333333,-70.8063166666667,6.107,8.50726666666667,1,8.97120618556701,1.34580723068666,TF,wsw,NoN,15%,a,a,>0&<200,151,6,1.393,2.13,52,26.2,0.5405,0.5405,NaN,NaN,NaN,NaN,NaN,NaN,NaN,NaN
en608,15',22-23-24',NA',L8,2018-02-02 19:23:45+00:00,2018-02-02 20:50:00+00:00,2018-02-03 21:00:00+00:00,40.1199533333333,-70.8063166666667,6.107,8.50726666666667,1,8.97120618556701,1.34580723068666,TF,wsw,NoN,15%,a,b,>0&<200,151,6,1.393,2.13,57.6,27.8,0.5405,0.5405,NaN,NaN,NaN,NaN,NaN,NaN,NaN,NaN
en608,15',22-23-24',NA',L8,2018-02-02 19:23:45+00:00,2018-02-02 20:50:00+00:00,2018-02-03 21:00:00+00:00,40.1199533333333,-70.8063166666667,6.107,8.50726666666667,1,8.97120618556701,1.34580723068666,TF,wsw,NoN,15%,a,c,>0&<200,151,6,1.393,2.13,56.8,29.8,0.5405,0.5405,NaN,NaN,NaN,NaN,NaN,NaN,NaN,NaN
en608,15',22-23-24',NA',L8,2018-02-02 19:23:45+00:00,2018-02-02 20:50:00+00:00,2018-02-03 21:00:00+00:00,40.1199533333333,-70.8063166666667,6.107,8.50726666666667,1,8.97120618556701,1.34580723068666,TF,wsw,NoN,15%,b,a,>0&<200,151,6,1.393,2.13,56,28.7,0.5405,0.5405,NaN,NaN,NaN,NaN,NaN,NaN,NaN,NaN
en608,15',22-23-24',NA',L8,2018-02-02 19:23:45+00:00,2018-02-02 20:50:00+00:00,2018-02-03 21:00:00+00:00,40.1199533333333,-70.8063166666667,6.107,8.50726666666667,1,8.97120618556701,1.34580723068666,TF,wsw,NoN,15%,b,b,>0&<200,151,6,1.393,2.13,53.2,27.5,0.5405,0.5405,NaN,NaN,NaN,NaN,NaN,NaN,NaN,NaN
en608,15',22-23-24',NA',L8,2018-02-02 19:23:45+00:00,2018-02-02 20:50:00+00:00,2018-02-03 21:00:00+00:00,40.1199533333333,-70.8063166666667,6.107,8.50726666666667,1,8.97120618556701,1.34580723068666,TF,wsw,NoN,15%,b,c,>0&<200,151,6,1.393,2.13,56.5,28,0.5405,0.5405,NaN,NaN,NaN,NaN,NaN,NaN,NaN,NaN
en608,15',22-23-24',NA',L8,2018-02-02 19:23:45+00:00,2018-02-02 20:50:00+00:00,2018-02-03 21:00:00+00:00,40.1199533333333,-70.8063166666667,6.107,8.50726666666667,1,8.97120618556701,1.34580723068666,TF,wsw,N,15%,a,a,>0&<200,151,6,1.393,2.13,58.9,30.3,0.5405,0.5405,NaN,NaN,NaN,NaN,NaN,NaN,NaN,NaN
en608,15',22-23-24',NA',L8,2018-02-02 19:23:45+00:00,2018-02-02 20:50:00+00:00,2018-02-03 21:00:00+00:00,40.1199533333333,-70.8063166666667,6.107,8.50726666666667,1,8.97120618556701,1.34580723068666,TF,wsw,N,15%,a,b,>0&<200,151,6,1.393,2.13,58.9,30.3,0.5405,0.5405,NaN,NaN,NaN,NaN,NaN,NaN,NaN,NaN
en608,15',22-23-24',NA',L8,2018-02-02 19:23:45+00:00,2018-02-02 20:50:00+00:00,2018-02-03 21:00:00+00:00,40.1199533333333,-70.8063166666667,6.107,8.50726666666667,1,8.97120618556701,1.34580723068666,TF,wsw,N,15%,a,c,>0&<200,151,6,1.393,2.13,59,29.9,0.5405,0.5405,NaN,NaN,NaN,NaN,NaN,NaN,NaN,NaN
en608,15',22-23-24',NA',L8,2018-02-02 19:23:45+00:00,2018-02-02 20:50:00+00:00,2018-02-03 21:00:00+00:00,40.1199533333333,-70.8063166666667,6.107,8.50726666666667,1,8.97120618556701,1.34580723068666,TF,wsw,N,15%,b,a,>0&<200,151,6,1.393,2.13,53.4,27.1,0.5405,0.5405,NaN,NaN,NaN,NaN,NaN,NaN,NaN,NaN
en608,15',22-23-24',NA',L8,2018-02-02 19:23:45+00:00,2018-02-02 20:50:00+00:00,2018-02-03 21:00:00+00:00,40.1199533333333,-70.8063166666667,6.107,8.50726666666667,1,8.97120618556701,1.34580723068666,TF,wsw,N,15%,b,b,>0&<200,151,6,1.393,2.13,50.4,25.7,0.5405,0.5405,NaN,NaN,NaN,NaN,NaN,NaN,NaN,NaN
en608,15',22-23-24',NA',L8,2018-02-02 19:23:45+00:00,2018-02-02 20:50:00+00:00,2018-02-03 21:00:00+00:00,40.1199533333333,-70.8063166666667,6.107,8.50726666666667,1,8.97120618556701,1.34580723068666,TF,wsw,N,15%,b,c,>0&<200,151,6,1.393,2.13,53.2,26.8,0.5405,0.5405,NaN,NaN,NaN,NaN,NaN,NaN,NaN,NaN
en608,15',22-23-24',NA',L8,2018-02-02 19:23:45+00:00,2018-02-02 20:50:00+00:00,2018-02-03 21:00:00+00:00,40.1199533333333,-70.8063166666667,6.107,8.50726666666667,1,8.97120618556701,1.34580723068666,TF,dil,N,65%,a,a,>0&<200,151,6,1.393,2.13,12.6,6.3,0.5405,0.5405,NaN,NaN,NaN,NaN,NaN,NaN,NaN,NaN
en608,15',22-23-24',NA',L8,2018-02-02 19:23:45+00:00,2018-02-02 20:50:00+00:00,2018-02-03 21:00:00+00:00,40.1199533333333,-70.8063166666667,6.107,8.50726666666667,1,8.97120618556701,1.34580723068666,TF,dil,N,65%,a,b,>0&<200,151,6,1.393,2.13,11.3,6.13,0.5405,0.5405,NaN,NaN,NaN,NaN,NaN,NaN,NaN,NaN
en608,15',22-23-24',NA',L8,2018-02-02 19:23:45+00:00,2018-02-02 20:50:00+00:00,2018-02-03 21:00:00+00:00,40.1199533333333,-70.8063166666667,6.107,8.50726666666667,1,8.97120618556701,1.34580723068666,TF,dil,N,65%,a,c,>0&<200,151,6,1.393,2.13,12.9,6.8,0.5405,0.5405,NaN,NaN,NaN,NaN,NaN,NaN,NaN,NaN
en608,15',22-23-24',NA',L8,2018-02-02 19:23:45+00:00,2018-02-02 20:50:00+00:00,2018-02-03 21:00:00+00:00,40.1199533333333,-70.8063166666667,6.107,8.50726666666667,1,8.97120618556701,1.34580723068666,TF,dil,N,65%,b,a,>0&<200,151,6,1.393,2.13,13.2,6.79,0.5405,0.5405,NaN,NaN,NaN,NaN,NaN,NaN,NaN,NaN
en608,15',22-23-24',NA',L8,2018-02-02 19:23:45+00:00,2018-02-02 20:50:00+00:00,2018-02-03 21:00:00+00:00,40.1199533333333,-70.8063166666667,6.107,8.50726666666667,1,8.97120618556701,1.34580723068666,TF,dil,N,65%,b,b,>0&<200,151,6,1.393,2.13,12.3,6.62,0.5405,0.5405,NaN,NaN,NaN,NaN,NaN,NaN,NaN,NaN
en608,15',22-23-24',NA',L8,2018-02-02 19:23:45+00:00,2018-02-02 20:50:00+00:00,2018-02-03 21:00:00+00:00,40.1199533333333,-70.8063166666667,6.107,8.50726666666667,1,8.97120618556701,1.34580723068666,TF,dil,N,65%,b,c,>0&<200,151,6,1.393,2.13,11.4,6.46,0.5405,0.5405,NaN,NaN,NaN,NaN,NaN,NaN,NaN,NaN
en608,15',22-23-24',NA',L8,2018-02-02 19:23:45+00:00,2018-02-02 20:50:00+00:00,2018-02-03 21:00:00+00:00,40.1199533333333,-70.8063166666667,6.107,8.50726666666667,1,8.97120618556701,1.34580723068666,TF,wsw,NoN,65%,a,a,>0&<200,151,6,1.393,2.13,56,29.2,0.5405,0.5405,NaN,NaN,NaN,NaN,NaN,NaN,NaN,NaN
en608,15',22-23-24',NA',L8,2018-02-02 19:23:45+00:00,2018-02-02 20:50:00+00:00,2018-02-03 21:00:00+00:00,40.1199533333333,-70.8063166666667,6.107,8.50726666666667,1,8.97120618556701,1.34580723068666,TF,wsw,NoN,65%,a,b,>0&<200,151,6,1.393,2.13,52.1,27.5,0.5405,0.5405,NaN,NaN,NaN,NaN,NaN,NaN,NaN,NaN
en608,15',22-23-24',NA',L8,2018-02-02 19:23:45+00:00,2018-02-02 20:50:00+00:00,2018-02-03 21:00:00+00:00,40.1199533333333,-70.8063166666667,6.107,8.50726666666667,1,8.97120618556701,1.34580723068666,TF,wsw,NoN,65%,a,c,>0&<200,151,6,1.393,2.13,51.1,26.2,0.5405,0.5405,NaN,NaN,NaN,NaN,NaN,NaN,NaN,NaN
en608,15',22-23-24',NA',L8,2018-02-02 19:23:45+00:00,2018-02-02 20:50:00+00:00,2018-02-03 21:00:00+00:00,40.1199533333333,-70.8063166666667,6.107,8.50726666666667,1,8.97120618556701,1.34580723068666,TF,wsw,NoN,65%,b,a,>0&<200,151,6,1.393,2.13,58,29.9,0.5405,0.5405,NaN,NaN,NaN,NaN,NaN,NaN,NaN,NaN
en608,15',22-23-24',NA',L8,2018-02-02 19:23:45+00:00,2018-02-02 20:50:00+00:00,2018-02-03 21:00:00+00:00,40.1199533333333,-70.8063166666667,6.107,8.50726666666667,1,8.97120618556701,1.34580723068666,TF,wsw,NoN,65%,b,b,>0&<200,151,6,1.393,2.13,59.8,28.4,0.5405,0.5405,NaN,NaN,NaN,NaN,NaN,NaN,NaN,NaN
en608,15',22-23-24',NA',L8,2018-02-02 19:23:45+00:00,2018-02-02 20:50:00+00:00,2018-02-03 21:00:00+00:00,40.1199533333333,-70.8063166666667,6.107,8.50726666666667,1,8.97120618556701,1.34580723068666,TF,wsw,NoN,65%,b,c,>0&<200,151,6,1.393,2.13,NaN,NaN,0.5405,0.5405,NaN,NaN,NaN,NaN,NaN,NaN,NaN,NaN
en608,15',22-23-24',NA',L8,2018-02-02 19:23:45+00:00,2018-02-02 20:50:00+00:00,2018-02-03 21:00:00+00:00,40.1199533333333,-70.8063166666667,6.107,8.50726666666667,1,8.97120618556701,1.34580723068666,TF,wsw,N,65%,a,a,>0&<200,151,6,1.393,2.13,48.3,24.1,0.5405,0.5405,NaN,NaN,NaN,NaN,NaN,NaN,NaN,NaN
en608,15',22-23-24',NA',L8,2018-02-02 19:23:45+00:00,2018-02-02 20:50:00+00:00,2018-02-03 21:00:00+00:00,40.1199533333333,-70.8063166666667,6.107,8.50726666666667,1,8.97120618556701,1.34580723068666,TF,wsw,N,65%,a,b,>0&<200,151,6,1.393,2.13,47.9,25.2,0.5405,0.5405,NaN,NaN,NaN,NaN,NaN,NaN,NaN,NaN
en608,15',22-23-24',NA',L8,2018-02-02 19:23:45+00:00,2018-02-02 20:50:00+00:00,2018-02-03 21:00:00+00:00,40.1199533333333,-70.8063166666667,6.107,8.50726666666667,1,8.97120618556701,1.34580723068666,TF,wsw,N,65%,a,c,>0&<200,151,6,1.393,2.13,46.7,24.6,0.5405,0.5405,NaN,NaN,NaN,NaN,NaN,NaN,NaN,NaN
en608,15',22-23-24',NA',L8,2018-02-02 19:23:45+00:00,2018-02-02 20:50:00+00:00,2018-02-03 21:00:00+00:00,40.1199533333333,-70.8063166666667,6.107,8.50726666666667,1,8.97120618556701,1.34580723068666,TF,wsw,N,65%,b,a,>0&<200,151,6,1.393,2.13,55.5,29.8,0.5405,0.5405,NaN,NaN,NaN,NaN,NaN,NaN,NaN,NaN
en608,15',22-23-24',NA',L8,2018-02-02 19:23:45+00:00,2018-02-02 20:50:00+00:00,2018-02-03 21:00:00+00:00,40.1199533333333,-70.8063166666667,6.107,8.50726666666667,1,8.97120618556701,1.34580723068666,TF,wsw,N,65%,b,b,>0&<200,151,6,1.393,2.13,58.6,27.1,0.5405,0.5405,NaN,NaN,NaN,NaN,NaN,NaN,NaN,NaN
en608,15',22-23-24',NA',L8,2018-02-02 19:23:45+00:00,2018-02-02 20:50:00+00:00,2018-02-03 21:00:00+00:00,40.1199533333333,-70.8063166666667,6.107,8.50726666666667,1,8.97120618556701,1.34580723068666,TF,wsw,N,65%,b,c,>0&<200,151,6,1.393,2.13,53.4,27.5,0.5405,0.5405,NaN,NaN,NaN,NaN,NaN,NaN,NaN,NaN
en608,15',22-23-24',NA',L8,2018-02-02 19:23:45+00:00,2018-02-02 20:50:00+00:00,2018-02-03 21:00:00+00:00,40.1199533333333,-70.8063166666667,6.107,8.50726666666667,1,8.97120618556701,1.34580723068666,TF,dil,N,65%,a,a,>10&<200,151,6,1.393,2.13,11.3,5.66,0.5405,0.5405,NaN,NaN,NaN,NaN,NaN,NaN,NaN,NaN
en608,15',22-23-24',NA',L8,2018-02-02 19:23:45+00:00,2018-02-02 20:50:00+00:00,2018-02-03 21:00:00+00:00,40.1199533333333,-70.8063166666667,6.107,8.50726666666667,1,8.97120618556701,1.34580723068666,TF,dil,N,65%,a,b,>10&<200,151,6,1.393,2.13,12,6.03,0.5405,0.5405,NaN,NaN,NaN,NaN,NaN,NaN,NaN,NaN
en608,15',22-23-24',NA',L8,2018-02-02 19:23:45+00:00,2018-02-02 20:50:00+00:00,2018-02-03 21:00:00+00:00,40.1199533333333,-70.8063166666667,6.107,8.50726666666667,1,8.97120618556701,1.34580723068666,TF,dil,N,65%,a,c,>10&<200,151,6,1.393,2.13,NaN,NaN,0.5405,0.5405,NaN,NaN,NaN,NaN,NaN,NaN,NaN,NaN
en608,15',22-23-24',NA',L8,2018-02-02 19:23:45+00:00,2018-02-02 20:50:00+00:00,2018-02-03 21:00:00+00:00,40.1199533333333,-70.8063166666667,6.107,8.50726666666667,1,8.97120618556701,1.34580723068666,TF,dil,N,65%,b,a,>10&<200,151,6,1.393,2.13,7.93,4.08,0.5405,0.5405,NaN,NaN,NaN,NaN,NaN,NaN,NaN,NaN
en608,15',22-23-24',NA',L8,2018-02-02 19:23:45+00:00,2018-02-02 20:50:00+00:00,2018-02-03 21:00:00+00:00,40.1199533333333,-70.8063166666667,6.107,8.50726666666667,1,8.97120618556701,1.34580723068666,TF,dil,N,65%,b,b,>10&<200,151,6,1.393,2.13,10.3,5.29,0.5405,0.5405,NaN,NaN,NaN,NaN,NaN,NaN,NaN,NaN
en608,15',22-23-24',NA',L8,2018-02-02 19:23:45+00:00,2018-02-02 20:50:00+00:00,2018-02-03 21:00:00+00:00,40.1199533333333,-70.8063166666667,6.107,8.50726666666667,1,8.97120618556701,1.34580723068666,TF,dil,N,65%,b,c,>10&<200,151,6,1.393,2.13,12.4,6.31,0.5405,0.5405,NaN,NaN,NaN,NaN,NaN,NaN,NaN,NaN
en608,15',22-23-24',NA',L8,2018-02-02 19:23:45+00:00,2018-02-02 20:50:00+00:00,2018-02-03 21:00:00+00:00,40.1199533333333,-70.8063166666667,6.107,8.50726666666667,1,8.97120618556701,1.34580723068666,TF,wsw,N,65%,a,a,>10&<200,151,6,1.393,2.13,43.8,21.8,0.5405,0.5405,NaN,NaN,NaN,NaN,NaN,NaN,NaN,NaN
en608,15',22-23-24',NA',L8,2018-02-02 19:23:45+00:00,2018-02-02 20:50:00+00:00,2018-02-03 21:00:00+00:00,40.1199533333333,-70.8063166666667,6.107,8.50726666666667,1,8.97120618556701,1.34580723068666,TF,wsw,N,65%,a,b,>10&<200,151,6,1.393,2.13,38.1,19.4,0.5405,0.5405,NaN,NaN,NaN,NaN,NaN,NaN,NaN,NaN
en608,15',22-23-24',NA',L8,2018-02-02 19:23:45+00:00,2018-02-02 20:50:00+00:00,2018-02-03 21:00:00+00:00,40.1199533333333,-70.8063166666667,6.107,8.50726666666667,1,8.97120618556701,1.34580723068666,TF,wsw,N,65%,a,c,>10&<200,151,6,1.393,2.13,NaN,NaN,0.5405,0.5405,NaN,NaN,NaN,NaN,NaN,NaN,NaN,NaN
en608,15',22-23-24',NA',L8,2018-02-02 19:23:45+00:00,2018-02-02 20:50:00+00:00,2018-02-03 21:00:00+00:00,40.1199533333333,-70.8063166666667,6.107,8.50726666666667,1,8.97120618556701,1.34580723068666,TF,wsw,N,65%,b,a,>10&<200,151,6,1.393,2.13,42.2,20.6,0.5405,0.5405,NaN,NaN,NaN,NaN,NaN,NaN,NaN,NaN
en608,15',22-23-24',NA',L8,2018-02-02 19:23:45+00:00,2018-02-02 20:50:00+00:00,2018-02-03 21:00:00+00:00,40.1199533333333,-70.8063166666667,6.107,8.50726666666667,1,8.97120618556701,1.34580723068666,TF,wsw,N,65%,b,b,>10&<200,151,6,1.393,2.13,42.6,21.3,0.5405,0.5405,NaN,NaN,NaN,NaN,NaN,NaN,NaN,NaN
en608,15',22-23-24',NA',L8,2018-02-02 19:23:45+00:00,2018-02-02 20:50:00+00:00,2018-02-03 21:00:00+00:00,40.1199533333333,-70.8063166666667,6.107,8.50726666666667,1,8.97120618556701,1.34580723068666,TF,wsw,N,65%,b,c,>10&<200,151,6,1.393,2.13,40.2,20.1,0.5405,0.5405,NaN,NaN,NaN,NaN,NaN,NaN,NaN,NaN
en608,19',11-12',NA',L11,2018-02-03 18:14:34+00:00,2018-02-03 20:00:00+00:00,2018-02-04 20:00:00+00:00,39.764,-70.88919,54.507,10.03115,1,6.9678892733564,1.51818057964765,T0,dil,NA,NA,NA,a,>0&<200,151,6,1.393,2.13,7.84,5.66,0.541,0.541,NaN,NaN,NaN,NaN,NaN,NaN,NaN,NaN
en608,19',11-12',NA',L11,2018-02-03 18:14:34+00:00,2018-02-03 20:00:00+00:00,2018-02-04 20:00:00+00:00,39.764,-70.88919,54.507,10.03115,1,6.9678892733564,1.51818057964765,T0,dil,NA,NA,NA,b,>0&<200,151,6,1.393,2.13,8.74,5.29,0.541,0.541,NaN,NaN,NaN,NaN,NaN,NaN,NaN,NaN
en608,19',11-12',NA',L11,2018-02-03 18:14:34+00:00,2018-02-03 20:00:00+00:00,2018-02-04 20:00:00+00:00,39.764,-70.88919,54.507,10.03115,1,6.9678892733564,1.51818057964765,T0,dil,NA,NA,NA,c,>0&<200,151,6,1.393,2.13,11.5,7.32,0.541,0.541,NaN,NaN,NaN,NaN,NaN,NaN,NaN,NaN
en608,19',11-12',NA',L11,2018-02-03 18:14:34+00:00,2018-02-03 20:00:00+00:00,2018-02-04 20:00:00+00:00,39.764,-70.88919,54.507,10.03115,1,6.9678892733564,1.51818057964765,T0,wsw,NA,NA,NA,a,>0&<200,151,6,1.393,2.13,38.6,23.5,0.541,0.541,NaN,NaN,NaN,NaN,NaN,NaN,NaN,NaN
en608,19',11-12',NA',L11,2018-02-03 18:14:34+00:00,2018-02-03 20:00:00+00:00,2018-02-04 20:00:00+00:00,39.764,-70.88919,54.507,10.03115,1,6.9678892733564,1.51818057964765,T0,wsw,NA,NA,NA,b,>0&<200,151,6,1.393,2.13,39.7,25,0.541,0.541,NaN,NaN,NaN,NaN,NaN,NaN,NaN,NaN
en608,19',11-12',NA',L11,2018-02-03 18:14:34+00:00,2018-02-03 20:00:00+00:00,2018-02-04 20:00:00+00:00,39.764,-70.88919,54.507,10.03115,1,6.9678892733564,1.51818057964765,T0,wsw,NA,NA,NA,c,>0&<200,151,6,1.393,2.13,36.4,21.9,0.541,0.541,NaN,NaN,NaN,NaN,NaN,NaN,NaN,NaN
en608,19',11-12',NA',L11,2018-02-03 18:14:34+00:00,2018-02-03 20:00:00+00:00,2018-02-04 20:00:00+00:00,39.764,-70.88919,54.507,10.03115,1,6.9678892733564,1.51818057964765,TF,dil,N,5%,a,a,>0&<200,151,6,1.393,2.13,18,10.3,0.56,0.56,NaN,NaN,NaN,NaN,NaN,NaN,NaN,NaN
en608,19',11-12',NA',L11,2018-02-03 18:14:34+00:00,2018-02-03 20:00:00+00:00,2018-02-04 20:00:00+00:00,39.764,-70.88919,54.507,10.03115,1,6.9678892733564,1.51818057964765,TF,dil,N,5%,a,b,>0&<200,151,6,1.393,2.13,13,7.57,0.56,0.56,NaN,NaN,NaN,NaN,NaN,NaN,NaN,NaN
en608,19',11-12',NA',L11,2018-02-03 18:14:34+00:00,2018-02-03 20:00:00+00:00,2018-02-04 20:00:00+00:00,39.764,-70.88919,54.507,10.03115,1,6.9678892733564,1.51818057964765,TF,dil,N,5%,a,c,>0&<200,151,6,1.393,2.13,12.8,7.54,0.56,0.56,NaN,NaN,NaN,NaN,NaN,NaN,NaN,NaN
en608,19',11-12',NA',L11,2018-02-03 18:14:34+00:00,2018-02-03 20:00:00+00:00,2018-02-04 20:00:00+00:00,39.764,-70.88919,54.507,10.03115,1,6.9678892733564,1.51818057964765,TF,dil,N,5%,b,a,>0&<200,151,6,1.393,2.13,14.4,8.51,0.56,0.56,NaN,NaN,NaN,NaN,NaN,NaN,NaN,NaN
en608,19',11-12',NA',L11,2018-02-03 18:14:34+00:00,2018-02-03 20:00:00+00:00,2018-02-04 20:00:00+00:00,39.764,-70.88919,54.507,10.03115,1,6.9678892733564,1.51818057964765,TF,dil,N,5%,b,b,>0&<200,151,6,1.393,2.13,11,6.72,0.56,0.56,NaN,NaN,NaN,NaN,NaN,NaN,NaN,NaN
en608,19',11-12',NA',L11,2018-02-03 18:14:34+00:00,2018-02-03 20:00:00+00:00,2018-02-04 20:00:00+00:00,39.764,-70.88919,54.507,10.03115,1,6.9678892733564,1.51818057964765,TF,dil,N,5%,b,c,>0&<200,151,6,1.393,2.13,12.4,7.7,0.56,0.56,NaN,NaN,NaN,NaN,NaN,NaN,NaN,NaN
en608,19',11-12',NA',L11,2018-02-03 18:14:34+00:00,2018-02-03 20:00:00+00:00,2018-02-04 20:00:00+00:00,39.764,-70.88919,54.507,10.03115,1,6.9678892733564,1.51818057964765,TF,wsw,NoN,5%,a,a,>0&<200,151,6,1.393,2.13,44.3,25.6,0.56,0.56,NaN,NaN,NaN,NaN,NaN,NaN,NaN,NaN
en608,19',11-12',NA',L11,2018-02-03 18:14:34+00:00,2018-02-03 20:00:00+00:00,2018-02-04 20:00:00+00:00,39.764,-70.88919,54.507,10.03115,1,6.9678892733564,1.51818057964765,TF,wsw,NoN,5%,a,b,>0&<200,151,6,1.393,2.13,40.3,23.5,0.56,0.56,NaN,NaN,NaN,NaN,NaN,NaN,NaN,NaN
en608,19',11-12',NA',L11,2018-02-03 18:14:34+00:00,2018-02-03 20:00:00+00:00,2018-02-04 20:00:00+00:00,39.764,-70.88919,54.507,10.03115,1,6.9678892733564,1.51818057964765,TF,wsw,NoN,5%,a,c,>0&<200,151,6,1.393,2.13,45,25.8,0.56,0.56,NaN,NaN,NaN,NaN,NaN,NaN,NaN,NaN
en608,19',11-12',NA',L11,2018-02-03 18:14:34+00:00,2018-02-03 20:00:00+00:00,2018-02-04 20:00:00+00:00,39.764,-70.88919,54.507,10.03115,1,6.9678892733564,1.51818057964765,TF,wsw,NoN,5%,b,a,>0&<200,151,6,1.393,2.13,43.9,24.9,0.56,0.56,NaN,NaN,NaN,NaN,NaN,NaN,NaN,NaN
en608,19',11-12',NA',L11,2018-02-03 18:14:34+00:00,2018-02-03 20:00:00+00:00,2018-02-04 20:00:00+00:00,39.764,-70.88919,54.507,10.03115,1,6.9678892733564,1.51818057964765,TF,wsw,NoN,5%,b,b,>0&<200,151,6,1.393,2.13,42.7,24.8,0.56,0.56,NaN,NaN,NaN,NaN,NaN,NaN,NaN,NaN
en608,19',11-12',NA',L11,2018-02-03 18:14:34+00:00,2018-02-03 20:00:00+00:00,2018-02-04 20:00:00+00:00,39.764,-70.88919,54.507,10.03115,1,6.9678892733564,1.51818057964765,TF,wsw,NoN,5%,b,c,>0&<200,151,6,1.393,2.13,41.6,24.5,0.56,0.56,NaN,NaN,NaN,NaN,NaN,NaN,NaN,NaN
en608,19',11-12',NA',L11,2018-02-03 18:14:34+00:00,2018-02-03 20:00:00+00:00,2018-02-04 20:00:00+00:00,39.764,-70.88919,54.507,10.03115,1,6.9678892733564,1.51818057964765,TF,wsw,N,5%,a,a,>0&<200,151,6,1.393,2.13,46,26.2,0.56,0.56,NaN,NaN,NaN,NaN,NaN,NaN,NaN,NaN
en608,19',11-12',NA',L11,2018-02-03 18:14:34+00:00,2018-02-03 20:00:00+00:00,2018-02-04 20:00:00+00:00,39.764,-70.88919,54.507,10.03115,1,6.9678892733564,1.51818057964765,TF,wsw,N,5%,a,b,>0&<200,151,6,1.393,2.13,48.2,27.4,0.56,0.56,NaN,NaN,NaN,NaN,NaN,NaN,NaN,NaN
en608,19',11-12',NA',L11,2018-02-03 18:14:34+00:00,2018-02-03 20:00:00+00:00,2018-02-04 20:00:00+00:00,39.764,-70.88919,54.507,10.03115,1,6.9678892733564,1.51818057964765,TF,wsw,N,5%,a,c,>0&<200,151,6,1.393,2.13,44.5,25.7,0.56,0.56,NaN,NaN,NaN,NaN,NaN,NaN,NaN,NaN
en608,19',11-12',NA',L11,2018-02-03 18:14:34+00:00,2018-02-03 20:00:00+00:00,2018-02-04 20:00:00+00:00,39.764,-70.88919,54.507,10.03115,1,6.9678892733564,1.51818057964765,TF,wsw,N,5%,b,a,>0&<200,151,6,1.393,2.13,49,27.7,0.56,0.56,NaN,NaN,NaN,NaN,NaN,NaN,NaN,NaN
en608,19',11-12',NA',L11,2018-02-03 18:14:34+00:00,2018-02-03 20:00:00+00:00,2018-02-04 20:00:00+00:00,39.764,-70.88919,54.507,10.03115,1,6.9678892733564,1.51818057964765,TF,wsw,N,5%,b,b,>0&<200,151,6,1.393,2.13,45,25.2,0.56,0.56,NaN,NaN,NaN,NaN,NaN,NaN,NaN,NaN
en608,19',11-12',NA',L11,2018-02-03 18:14:34+00:00,2018-02-03 20:00:00+00:00,2018-02-04 20:00:00+00:00,39.764,-70.88919,54.507,10.03115,1,6.9678892733564,1.51818057964765,TF,wsw,N,5%,b,c,>0&<200,151,6,1.393,2.13,51.1,28.6,0.56,0.56,NaN,NaN,NaN,NaN,NaN,NaN,NaN,NaN
en608,19',15',NA',L11,2018-02-03 18:17:18+00:00,2018-02-03 20:00:00+00:00,2018-02-04 20:00:00+00:00,39.76352,-70.8898,24.829,9.9033,1,6.9678892733564,1.51818057964765,T0,dil,NA,NA,NA,a,>0&<200,151,6,1.393,2.13,8.33,6.16,0.541,0.541,NaN,NaN,NaN,NaN,NaN,NaN,NaN,NaN
en608,19',15',NA',L11,2018-02-03 18:17:18+00:00,2018-02-03 20:00:00+00:00,2018-02-04 20:00:00+00:00,39.76352,-70.8898,24.829,9.9033,1,6.9678892733564,1.51818057964765,T0,dil,NA,NA,NA,b,>0&<200,151,6,1.393,2.13,12,7.41,0.541,0.541,NaN,NaN,NaN,NaN,NaN,NaN,NaN,NaN
en608,19',15',NA',L11,2018-02-03 18:17:18+00:00,2018-02-03 20:00:00+00:00,2018-02-04 20:00:00+00:00,39.76352,-70.8898,24.829,9.9033,1,6.9678892733564,1.51818057964765,T0,dil,NA,NA,NA,c,>0&<200,151,6,1.393,2.13,10.1,6.33,0.541,0.541,NaN,NaN,NaN,NaN,NaN,NaN,NaN,NaN
en608,19',15',NA',L11,2018-02-03 18:17:18+00:00,2018-02-03 20:00:00+00:00,2018-02-04 20:00:00+00:00,39.76352,-70.8898,24.829,9.9033,1,6.9678892733564,1.51818057964765,T0,wsw,NA,NA,NA,a,>0&<200,151,6,1.393,2.13,38.2,26.8,0.541,0.541,NaN,NaN,NaN,NaN,NaN,NaN,NaN,NaN
en608,19',15',NA',L11,2018-02-03 18:17:18+00:00,2018-02-03 20:00:00+00:00,2018-02-04 20:00:00+00:00,39.76352,-70.8898,24.829,9.9033,1,6.9678892733564,1.51818057964765,T0,wsw,NA,NA,NA,b,>0&<200,151,6,1.393,2.13,47.3,29.3,0.541,0.541,NaN,NaN,NaN,NaN,NaN,NaN,NaN,NaN
en608,19',15',NA',L11,2018-02-03 18:17:18+00:00,2018-02-03 20:00:00+00:00,2018-02-04 20:00:00+00:00,39.76352,-70.8898,24.829,9.9033,1,6.9678892733564,1.51818057964765,T0,wsw,NA,NA,NA,c,>0&<200,151,6,1.393,2.13,45.9,27.5,0.541,0.541,NaN,NaN,NaN,NaN,NaN,NaN,NaN,NaN
en608,19',15',NA',L11,2018-02-03 18:17:18+00:00,2018-02-03 20:00:00+00:00,2018-02-04 20:00:00+00:00,39.76352,-70.8898,24.829,9.9033,1,6.9678892733564,1.51818057964765,TF,dil,N,5%,a,a,>0&<200,151,6,1.393,2.13,12.8,7.61,0.56,0.56,NaN,NaN,NaN,NaN,NaN,NaN,NaN,NaN
en608,19',15',NA',L11,2018-02-03 18:17:18+00:00,2018-02-03 20:00:00+00:00,2018-02-04 20:00:00+00:00,39.76352,-70.8898,24.829,9.9033,1,6.9678892733564,1.51818057964765,TF,dil,N,5%,a,b,>0&<200,151,6,1.393,2.13,11.2,6.73,0.56,0.56,NaN,NaN,NaN,NaN,NaN,NaN,NaN,NaN
en608,19',15',NA',L11,2018-02-03 18:17:18+00:00,2018-02-03 20:00:00+00:00,2018-02-04 20:00:00+00:00,39.76352,-70.8898,24.829,9.9033,1,6.9678892733564,1.51818057964765,TF,dil,N,5%,a,c,>0&<200,151,6,1.393,2.13,13.2,7.83,0.56,0.56,NaN,NaN,NaN,NaN,NaN,NaN,NaN,NaN
en608,19',15',NA',L11,2018-02-03 18:17:18+00:00,2018-02-03 20:00:00+00:00,2018-02-04 20:00:00+00:00,39.76352,-70.8898,24.829,9.9033,1,6.9678892733564,1.51818057964765,TF,dil,N,5%,b,a,>0&<200,151,6,1.393,2.13,12.8,7.51,0.56,0.56,NaN,NaN,NaN,NaN,NaN,NaN,NaN,NaN
en608,19',15',NA',L11,2018-02-03 18:17:18+00:00,2018-02-03 20:00:00+00:00,2018-02-04 20:00:00+00:00,39.76352,-70.8898,24.829,9.9033,1,6.9678892733564,1.51818057964765,TF,dil,N,5%,b,b,>0&<200,151,6,1.393,2.13,12.2,7.22,0.56,0.56,NaN,NaN,NaN,NaN,NaN,NaN,NaN,NaN
en608,19',15',NA',L11,2018-02-03 18:17:18+00:00,2018-02-03 20:00:00+00:00,2018-02-04 20:00:00+00:00,39.76352,-70.8898,24.829,9.9033,1,6.9678892733564,1.51818057964765,TF,dil,N,5%,b,c,>0&<200,151,6,1.393,2.13,10.3,6.23,0.56,0.56,NaN,NaN,NaN,NaN,NaN,NaN,NaN,NaN
en608,19',15',NA',L11,2018-02-03 18:17:18+00:00,2018-02-03 20:00:00+00:00,2018-02-04 20:00:00+00:00,39.76352,-70.8898,24.829,9.9033,1,6.9678892733564,1.51818057964765,TF,wsw,NoN,5%,a,a,>0&<200,151,6,1.393,2.13,52.2,29.4,0.56,0.56,NaN,NaN,NaN,NaN,NaN,NaN,NaN,NaN
en608,19',15',NA',L11,2018-02-03 18:17:18+00:00,2018-02-03 20:00:00+00:00,2018-02-04 20:00:00+00:00,39.76352,-70.8898,24.829,9.9033,1,6.9678892733564,1.51818057964765,TF,wsw,NoN,5%,a,b,>0&<200,151,6,1.393,2.13,45.2,25.9,0.56,0.56,NaN,NaN,NaN,NaN,NaN,NaN,NaN,NaN
en608,19',15',NA',L11,2018-02-03 18:17:18+00:00,2018-02-03 20:00:00+00:00,2018-02-04 20:00:00+00:00,39.76352,-70.8898,24.829,9.9033,1,6.9678892733564,1.51818057964765,TF,wsw,NoN,5%,a,c,>0&<200,151,6,1.393,2.13,44.5,25.6,0.56,0.56,NaN,NaN,NaN,NaN,NaN,NaN,NaN,NaN
en608,19',15',NA',L11,2018-02-03 18:17:18+00:00,2018-02-03 20:00:00+00:00,2018-02-04 20:00:00+00:00,39.76352,-70.8898,24.829,9.9033,1,6.9678892733564,1.51818057964765,TF,wsw,NoN,5%,b,a,>0&<200,151,6,1.393,2.13,51.5,29.5,0.56,0.56,NaN,NaN,NaN,NaN,NaN,NaN,NaN,NaN
en608,19',15',NA',L11,2018-02-03 18:17:18+00:00,2018-02-03 20:00:00+00:00,2018-02-04 20:00:00+00:00,39.76352,-70.8898,24.829,9.9033,1,6.9678892733564,1.51818057964765,TF,wsw,NoN,5%,b,b,>0&<200,151,6,1.393,2.13,48.3,27.9,0.56,0.56,NaN,NaN,NaN,NaN,NaN,NaN,NaN,NaN
en608,19',15',NA',L11,2018-02-03 18:17:18+00:00,2018-02-03 20:00:00+00:00,2018-02-04 20:00:00+00:00,39.76352,-70.8898,24.829,9.9033,1,6.9678892733564,1.51818057964765,TF,wsw,NoN,5%,b,c,>0&<200,151,6,1.393,2.13,51.6,30.2,0.56,0.56,NaN,NaN,NaN,NaN,NaN,NaN,NaN,NaN
en608,19',15',NA',L11,2018-02-03 18:17:18+00:00,2018-02-03 20:00:00+00:00,2018-02-04 20:00:00+00:00,39.76352,-70.8898,24.829,9.9033,1,6.9678892733564,1.51818057964765,TF,wsw,N,5%,a,a,>0&<200,151,6,1.393,2.13,49.3,27.9,0.56,0.56,NaN,NaN,NaN,NaN,NaN,NaN,NaN,NaN
en608,19',15',NA',L11,2018-02-03 18:17:18+00:00,2018-02-03 20:00:00+00:00,2018-02-04 20:00:00+00:00,39.76352,-70.8898,24.829,9.9033,1,6.9678892733564,1.51818057964765,TF,wsw,N,5%,a,b,>0&<200,151,6,1.393,2.13,45.1,25.7,0.56,0.56,NaN,NaN,NaN,NaN,NaN,NaN,NaN,NaN
en608,19',15',NA',L11,2018-02-03 18:17:18+00:00,2018-02-03 20:00:00+00:00,2018-02-04 20:00:00+00:00,39.76352,-70.8898,24.829,9.9033,1,6.9678892733564,1.51818057964765,TF,wsw,N,5%,a,c,>0&<200,151,6,1.393,2.13,47.4,27.1,0.56,0.56,NaN,NaN,NaN,NaN,NaN,NaN,NaN,NaN
en608,19',15',NA',L11,2018-02-03 18:17:18+00:00,2018-02-03 20:00:00+00:00,2018-02-04 20:00:00+00:00,39.76352,-70.8898,24.829,9.9033,1,6.9678892733564,1.51818057964765,TF,wsw,N,5%,b,a,>0&<200,151,6,1.393,2.13,49.8,28.4,0.56,0.56,NaN,NaN,NaN,NaN,NaN,NaN,NaN,NaN
en608,19',15',NA',L11,2018-02-03 18:17:18+00:00,2018-02-03 20:00:00+00:00,2018-02-04 20:00:00+00:00,39.76352,-70.8898,24.829,9.9033,1,6.9678892733564,1.51818057964765,TF,wsw,N,5%,b,b,>0&<200,151,6,1.393,2.13,46.8,26.5,0.56,0.56,NaN,NaN,NaN,NaN,NaN,NaN,NaN,NaN
en608,19',15',NA',L11,2018-02-03 18:17:18+00:00,2018-02-03 20:00:00+00:00,2018-02-04 20:00:00+00:00,39.76352,-70.8898,24.829,9.9033,1,6.9678892733564,1.51818057964765,TF,wsw,N,5%,b,c,>0&<200,151,6,1.393,2.13,51.6,29.5,0.56,0.56,NaN,NaN,NaN,NaN,NaN,NaN,NaN,NaN
en608,19',21-22-23',NA',L11,2018-02-03 18:20:36+00:00,2018-02-03 20:00:00+00:00,2018-02-04 20:00:00+00:00,39.7631466666667,-70.8897933333333,4.06,9.88503333333333,1,6.9678892733564,1.51818057964765,T0,dil,NA,NA,NA,a,>0&<200,151,6.3,1.393,2.13,7.57,5.16,0.541,0.541,NaN,NaN,NaN,NaN,NaN,NaN,NaN,NaN
en608,19',21-22-23',NA',L11,2018-02-03 18:20:36+00:00,2018-02-03 20:00:00+00:00,2018-02-04 20:00:00+00:00,39.7631466666667,-70.8897933333333,4.06,9.88503333333333,1,6.9678892733564,1.51818057964765,T0,dil,NA,NA,NA,b,>0&<200,151,6.3,1.393,2.13,8.21,5.42,0.541,0.541,NaN,NaN,NaN,NaN,NaN,NaN,NaN,NaN
en608,19',21-22-23',NA',L11,2018-02-03 18:20:36+00:00,2018-02-03 20:00:00+00:00,2018-02-04 20:00:00+00:00,39.7631466666667,-70.8897933333333,4.06,9.88503333333333,1,6.9678892733564,1.51818057964765,T0,dil,NA,NA,NA,c,>0&<200,151,6.3,1.393,2.13,9.28,5.41,0.541,0.541,NaN,NaN,NaN,NaN,NaN,NaN,NaN,NaN
en608,19',21-22-23',NA',L11,2018-02-03 18:20:36+00:00,2018-02-03 20:00:00+00:00,2018-02-04 20:00:00+00:00,39.7631466666667,-70.8897933333333,4.06,9.88503333333333,1,6.9678892733564,1.51818057964765,T0,dil,NA,NA,NA,a,>10&<200,151,6.3,1.393,2.13,8.79,4.33,0.541,0.541,NaN,NaN,NaN,NaN,NaN,NaN,NaN,NaN
en608,19',21-22-23',NA',L11,2018-02-03 18:20:36+00:00,2018-02-03 20:00:00+00:00,2018-02-04 20:00:00+00:00,39.7631466666667,-70.8897933333333,4.06,9.88503333333333,1,6.9678892733564,1.51818057964765,T0,dil,NA,NA,NA,b,>10&<200,151,6.3,1.393,2.13,6.05,3.4,0.541,0.541,NaN,NaN,NaN,NaN,NaN,NaN,NaN,NaN
en608,19',21-22-23',NA',L11,2018-02-03 18:20:36+00:00,2018-02-03 20:00:00+00:00,2018-02-04 20:00:00+00:00,39.7631466666667,-70.8897933333333,4.06,9.88503333333333,1,6.9678892733564,1.51818057964765,T0,dil,NA,NA,NA,c,>10&<200,151,6.3,1.393,2.13,6.51,4.02,0.541,0.541,NaN,NaN,NaN,NaN,NaN,NaN,NaN,NaN
en608,19',21-22-23',NA',L11,2018-02-03 18:20:36+00:00,2018-02-03 20:00:00+00:00,2018-02-04 20:00:00+00:00,39.7631466666667,-70.8897933333333,4.06,9.88503333333333,1,6.9678892733564,1.51818057964765,T0,wsw,NA,NA,NA,a,>0&<200,151,6.3,1.393,2.13,50.2,34.1,0.541,0.541,NaN,NaN,NaN,NaN,NaN,NaN,NaN,NaN
en608,19',21-22-23',NA',L11,2018-02-03 18:20:36+00:00,2018-02-03 20:00:00+00:00,2018-02-04 20:00:00+00:00,39.7631466666667,-70.8897933333333,4.06,9.88503333333333,1,6.9678892733564,1.51818057964765,T0,wsw,NA,NA,NA,b,>0&<200,151,6.3,1.393,2.13,42.8,25.3,0.541,0.541,NaN,NaN,NaN,NaN,NaN,NaN,NaN,NaN
en608,19',21-22-23',NA',L11,2018-02-03 18:20:36+00:00,2018-02-03 20:00:00+00:00,2018-02-04 20:00:00+00:00,39.7631466666667,-70.8897933333333,4.06,9.88503333333333,1,6.9678892733564,1.51818057964765,T0,wsw,NA,NA,NA,c,>0&<200,151,6.3,1.393,2.13,43.4,25,0.541,0.541,NaN,NaN,NaN,NaN,NaN,NaN,NaN,NaN
en608,19',21-22-23',NA',L11,2018-02-03 18:20:36+00:00,2018-02-03 20:00:00+00:00,2018-02-04 20:00:00+00:00,39.7631466666667,-70.8897933333333,4.06,9.88503333333333,1,6.9678892733564,1.51818057964765,T0,wsw,NA,NA,NA,a,>10&<200,151,6.3,1.393,2.13,26.6,14.5,0.541,0.541,NaN,NaN,NaN,NaN,NaN,NaN,NaN,NaN
en608,19',21-22-23',NA',L11,2018-02-03 18:20:36+00:00,2018-02-03 20:00:00+00:00,2018-02-04 20:00:00+00:00,39.7631466666667,-70.8897933333333,4.06,9.88503333333333,1,6.9678892733564,1.51818057964765,T0,wsw,NA,NA,NA,b,>10&<200,151,6.3,1.393,2.13,24.5,13.7,0.541,0.541,NaN,NaN,NaN,NaN,NaN,NaN,NaN,NaN
en608,19',21-22-23',NA',L11,2018-02-03 18:20:36+00:00,2018-02-03 20:00:00+00:00,2018-02-04 20:00:00+00:00,39.7631466666667,-70.8897933333333,4.06,9.88503333333333,1,6.9678892733564,1.51818057964765,T0,wsw,NA,NA,NA,c,>10&<200,151,6.3,1.393,2.13,23.3,12.1,0.541,0.541,NaN,NaN,NaN,NaN,NaN,NaN,NaN,NaN
en608,19',21-22-23',NA',L11,2018-02-03 18:20:36+00:00,2018-02-03 20:00:00+00:00,2018-02-04 20:00:00+00:00,39.7631466666667,-70.8897933333333,4.06,9.88503333333333,1,6.9678892733564,1.51818057964765,TF,dil,N,5%,a,a,>0&<200,151,6,1.393,2.13,12,7.09,0.56,0.56,NaN,NaN,NaN,NaN,NaN,NaN,NaN,NaN
en608,19',21-22-23',NA',L11,2018-02-03 18:20:36+00:00,2018-02-03 20:00:00+00:00,2018-02-04 20:00:00+00:00,39.7631466666667,-70.8897933333333,4.06,9.88503333333333,1,6.9678892733564,1.51818057964765,TF,dil,N,5%,a,b,>0&<200,151,6,1.393,2.13,12.6,7.42,0.56,0.56,NaN,NaN,NaN,NaN,NaN,NaN,NaN,NaN
en608,19',21-22-23',NA',L11,2018-02-03 18:20:36+00:00,2018-02-03 20:00:00+00:00,2018-02-04 20:00:00+00:00,39.7631466666667,-70.8897933333333,4.06,9.88503333333333,1,6.9678892733564,1.51818057964765,TF,dil,N,5%,a,c,>0&<200,151,6,1.393,2.13,11.2,6.71,0.56,0.56,NaN,NaN,NaN,NaN,NaN,NaN,NaN,NaN
en608,19',21-22-23',NA',L11,2018-02-03 18:20:36+00:00,2018-02-03 20:00:00+00:00,2018-02-04 20:00:00+00:00,39.7631466666667,-70.8897933333333,4.06,9.88503333333333,1,6.9678892733564,1.51818057964765,TF,dil,N,5%,b,a,>0&<200,151,6,1.393,2.13,12.5,7.44,0.56,0.56,NaN,NaN,NaN,NaN,NaN,NaN,NaN,NaN
en608,19',21-22-23',NA',L11,2018-02-03 18:20:36+00:00,2018-02-03 20:00:00+00:00,2018-02-04 20:00:00+00:00,39.7631466666667,-70.8897933333333,4.06,9.88503333333333,1,6.9678892733564,1.51818057964765,TF,dil,N,5%,b,b,>0&<200,151,6,1.393,2.13,13,7.64,0.56,0.56,NaN,NaN,NaN,NaN,NaN,NaN,NaN,NaN
en608,19',21-22-23',NA',L11,2018-02-03 18:20:36+00:00,2018-02-03 20:00:00+00:00,2018-02-04 20:00:00+00:00,39.7631466666667,-70.8897933333333,4.06,9.88503333333333,1,6.9678892733564,1.51818057964765,TF,dil,N,5%,b,c,>0&<200,151,6,1.393,2.13,12.2,7.28,0.56,0.56,NaN,NaN,NaN,NaN,NaN,NaN,NaN,NaN
en608,19',21-22-23',NA',L11,2018-02-03 18:20:36+00:00,2018-02-03 20:00:00+00:00,2018-02-04 20:00:00+00:00,39.7631466666667,-70.8897933333333,4.06,9.88503333333333,1,6.9678892733564,1.51818057964765,TF,wsw,NoN,5%,a,a,>0&<200,151,6,1.393,2.13,51,28.6,0.56,0.56,NaN,NaN,NaN,NaN,NaN,NaN,NaN,NaN
en608,19',21-22-23',NA',L11,2018-02-03 18:20:36+00:00,2018-02-03 20:00:00+00:00,2018-02-04 20:00:00+00:00,39.7631466666667,-70.8897933333333,4.06,9.88503333333333,1,6.9678892733564,1.51818057964765,TF,wsw,NoN,5%,a,b,>0&<200,151,6,1.393,2.13,51.3,29.1,0.56,0.56,NaN,NaN,NaN,NaN,NaN,NaN,NaN,NaN
en608,19',21-22-23',NA',L11,2018-02-03 18:20:36+00:00,2018-02-03 20:00:00+00:00,2018-02-04 20:00:00+00:00,39.7631466666667,-70.8897933333333,4.06,9.88503333333333,1,6.9678892733564,1.51818057964765,TF,wsw,NoN,5%,a,c,>0&<200,151,6,1.393,2.13,50.7,29.2,0.56,0.56,NaN,NaN,NaN,NaN,NaN,NaN,NaN,NaN
en608,19',21-22-23',NA',L11,2018-02-03 18:20:36+00:00,2018-02-03 20:00:00+00:00,2018-02-04 20:00:00+00:00,39.7631466666667,-70.8897933333333,4.06,9.88503333333333,1,6.9678892733564,1.51818057964765,TF,wsw,NoN,5%,b,a,>0&<200,151,6,1.393,2.13,48.5,28.2,0.56,0.56,NaN,NaN,NaN,NaN,NaN,NaN,NaN,NaN
en608,19',21-22-23',NA',L11,2018-02-03 18:20:36+00:00,2018-02-03 20:00:00+00:00,2018-02-04 20:00:00+00:00,39.7631466666667,-70.8897933333333,4.06,9.88503333333333,1,6.9678892733564,1.51818057964765,TF,wsw,NoN,5%,b,b,>0&<200,151,6,1.393,2.13,50.9,29.5,0.56,0.56,NaN,NaN,NaN,NaN,NaN,NaN,NaN,NaN
en608,19',21-22-23',NA',L11,2018-02-03 18:20:36+00:00,2018-02-03 20:00:00+00:00,2018-02-04 20:00:00+00:00,39.7631466666667,-70.8897933333333,4.06,9.88503333333333,1,6.9678892733564,1.51818057964765,TF,wsw,NoN,5%,b,c,>0&<200,151,6,1.393,2.13,47.8,27,0.56,0.56,NaN,NaN,NaN,NaN,NaN,NaN,NaN,NaN
en608,19',21-22-23',NA',L11,2018-02-03 18:20:36+00:00,2018-02-03 20:00:00+00:00,2018-02-04 20:00:00+00:00,39.7631466666667,-70.8897933333333,4.06,9.88503333333333,1,6.9678892733564,1.51818057964765,TF,wsw,N,5%,a,a,>0&<200,151,6,1.393,2.13,45.8,26.1,0.56,0.56,NaN,NaN,NaN,NaN,NaN,NaN,NaN,NaN
en608,19',21-22-23',NA',L11,2018-02-03 18:20:36+00:00,2018-02-03 20:00:00+00:00,2018-02-04 20:00:00+00:00,39.7631466666667,-70.8897933333333,4.06,9.88503333333333,1,6.9678892733564,1.51818057964765,TF,wsw,N,5%,a,b,>0&<200,151,6,1.393,2.13,48.4,27,0.56,0.56,NaN,NaN,NaN,NaN,NaN,NaN,NaN,NaN
en608,19',21-22-23',NA',L11,2018-02-03 18:20:36+00:00,2018-02-03 20:00:00+00:00,2018-02-04 20:00:00+00:00,39.7631466666667,-70.8897933333333,4.06,9.88503333333333,1,6.9678892733564,1.51818057964765,TF,wsw,N,5%,a,c,>0&<200,151,6,1.393,2.13,51.9,29.7,0.56,0.56,NaN,NaN,NaN,NaN,NaN,NaN,NaN,NaN
en608,19',21-22-23',NA',L11,2018-02-03 18:20:36+00:00,2018-02-03 20:00:00+00:00,2018-02-04 20:00:00+00:00,39.7631466666667,-70.8897933333333,4.06,9.88503333333333,1,6.9678892733564,1.51818057964765,TF,wsw,N,5%,b,a,>0&<200,151,6,1.393,2.13,53.3,20.6,0.56,0.56,NaN,NaN,NaN,NaN,NaN,NaN,NaN,NaN
en608,19',21-22-23',NA',L11,2018-02-03 18:20:36+00:00,2018-02-03 20:00:00+00:00,2018-02-04 20:00:00+00:00,39.7631466666667,-70.8897933333333,4.06,9.88503333333333,1,6.9678892733564,1.51818057964765,TF,wsw,N,5%,b,b,>0&<200,151,6,1.393,2.13,46,26.4,0.56,0.56,NaN,NaN,NaN,NaN,NaN,NaN,NaN,NaN
en608,19',21-22-23',NA',L11,2018-02-03 18:20:36+00:00,2018-02-03 20:00:00+00:00,2018-02-04 20:00:00+00:00,39.7631466666667,-70.8897933333333,4.06,9.88503333333333,1,6.9678892733564,1.51818057964765,TF,wsw,N,5%,b,c,>0&<200,151,6,1.393,2.13,51.9,29.6,0.56,0.56,NaN,NaN,NaN,NaN,NaN,NaN,NaN,NaN
en608,19',21-22-23',NA',L11,2018-02-03 18:20:36+00:00,2018-02-03 20:00:00+00:00,2018-02-04 20:00:00+00:00,39.7631466666667,-70.8897933333333,4.06,9.88503333333333,1,6.9678892733564,1.51818057964765,TF,dil,N,65%,a,a,>0&<200,151,6,1.393,2.13,12.6,7.44,0.56,0.56,NaN,NaN,NaN,NaN,NaN,NaN,NaN,NaN
en608,19',21-22-23',NA',L11,2018-02-03 18:20:36+00:00,2018-02-03 20:00:00+00:00,2018-02-04 20:00:00+00:00,39.7631466666667,-70.8897933333333,4.06,9.88503333333333,1,6.9678892733564,1.51818057964765,TF,dil,N,65%,a,b,>0&<200,151,6,1.393,2.13,10.7,6.34,0.56,0.56,NaN,NaN,NaN,NaN,NaN,NaN,NaN,NaN
en608,19',21-22-23',NA',L11,2018-02-03 18:20:36+00:00,2018-02-03 20:00:00+00:00,2018-02-04 20:00:00+00:00,39.7631466666667,-70.8897933333333,4.06,9.88503333333333,1,6.9678892733564,1.51818057964765,TF,dil,N,65%,a,c,>0&<200,151,6,1.393,2.13,11,6.47,0.56,0.56,NaN,NaN,NaN,NaN,NaN,NaN,NaN,NaN
en608,19',21-22-23',NA',L11,2018-02-03 18:20:36+00:00,2018-02-03 20:00:00+00:00,2018-02-04 20:00:00+00:00,39.7631466666667,-70.8897933333333,4.06,9.88503333333333,1,6.9678892733564,1.51818057964765,TF,dil,N,65%,b,a,>0&<200,151,6,1.393,2.13,9.65,5.75,0.56,0.56,NaN,NaN,NaN,NaN,NaN,NaN,NaN,NaN
en608,19',21-22-23',NA',L11,2018-02-03 18:20:36+00:00,2018-02-03 20:00:00+00:00,2018-02-04 20:00:00+00:00,39.7631466666667,-70.8897933333333,4.06,9.88503333333333,1,6.9678892733564,1.51818057964765,TF,dil,N,65%,b,b,>0&<200,151,6,1.393,2.13,11.3,6.65,0.56,0.56,NaN,NaN,NaN,NaN,NaN,NaN,NaN,NaN
en608,19',21-22-23',NA',L11,2018-02-03 18:20:36+00:00,2018-02-03 20:00:00+00:00,2018-02-04 20:00:00+00:00,39.7631466666667,-70.8897933333333,4.06,9.88503333333333,1,6.9678892733564,1.51818057964765,TF,dil,N,65%,b,c,>0&<200,151,6,1.393,2.13,10.8,6.3,0.56,0.56,NaN,NaN,NaN,NaN,NaN,NaN,NaN,NaN
en608,19',21-22-23',NA',L11,2018-02-03 18:20:36+00:00,2018-02-03 20:00:00+00:00,2018-02-04 20:00:00+00:00,39.7631466666667,-70.8897933333333,4.06,9.88503333333333,1,6.9678892733564,1.51818057964765,TF,wsw,NoN,65%,a,a,>0&<200,151,6,1.393,2.13,51.6,29.2,0.56,0.56,NaN,NaN,NaN,NaN,NaN,NaN,NaN,NaN
en608,19',21-22-23',NA',L11,2018-02-03 18:20:36+00:00,2018-02-03 20:00:00+00:00,2018-02-04 20:00:00+00:00,39.7631466666667,-70.8897933333333,4.06,9.88503333333333,1,6.9678892733564,1.51818057964765,TF,wsw,NoN,65%,a,b,>0&<200,151,6,1.393,2.13,48.6,27.6,0.56,0.56,NaN,NaN,NaN,NaN,NaN,NaN,NaN,NaN
en608,19',21-22-23',NA',L11,2018-02-03 18:20:36+00:00,2018-02-03 20:00:00+00:00,2018-02-04 20:00:00+00:00,39.7631466666667,-70.8897933333333,4.06,9.88503333333333,1,6.9678892733564,1.51818057964765,TF,wsw,NoN,65%,a,c,>0&<200,151,6,1.393,2.13,49.1,28.4,0.56,0.56,NaN,NaN,NaN,NaN,NaN,NaN,NaN,NaN
en608,19',21-22-23',NA',L11,2018-02-03 18:20:36+00:00,2018-02-03 20:00:00+00:00,2018-02-04 20:00:00+00:00,39.7631466666667,-70.8897933333333,4.06,9.88503333333333,1,6.9678892733564,1.51818057964765,TF,wsw,NoN,65%,b,a,>0&<200,151,6,1.393,2.13,52.6,29.6,0.56,0.56,NaN,NaN,NaN,NaN,NaN,NaN,NaN,NaN
en608,19',21-22-23',NA',L11,2018-02-03 18:20:36+00:00,2018-02-03 20:00:00+00:00,2018-02-04 20:00:00+00:00,39.7631466666667,-70.8897933333333,4.06,9.88503333333333,1,6.9678892733564,1.51818057964765,TF,wsw,NoN,65%,b,b,>0&<200,151,6,1.393,2.13,53.3,30.1,0.56,0.56,NaN,NaN,NaN,NaN,NaN,NaN,NaN,NaN
en608,19',21-22-23',NA',L11,2018-02-03 18:20:36+00:00,2018-02-03 20:00:00+00:00,2018-02-04 20:00:00+00:00,39.7631466666667,-70.8897933333333,4.06,9.88503333333333,1,6.9678892733564,1.51818057964765,TF,wsw,NoN,65%,b,c,>0&<200,151,6,1.393,2.13,53.1,29.7,0.56,0.56,NaN,NaN,NaN,NaN,NaN,NaN,NaN,NaN
en608,19',21-22-23',NA',L11,2018-02-03 18:20:36+00:00,2018-02-03 20:00:00+00:00,2018-02-04 20:00:00+00:00,39.7631466666667,-70.8897933333333,4.06,9.88503333333333,1,6.9678892733564,1.51818057964765,TF,wsw,N,65%,a,a,>0&<200,151,6,1.393,2.13,49,27.9,0.56,0.56,NaN,NaN,NaN,NaN,NaN,NaN,NaN,NaN
en608,19',21-22-23',NA',L11,2018-02-03 18:20:36+00:00,2018-02-03 20:00:00+00:00,2018-02-04 20:00:00+00:00,39.7631466666667,-70.8897933333333,4.06,9.88503333333333,1,6.9678892733564,1.51818057964765,TF,wsw,N,65%,a,b,>0&<200,151,6,1.393,2.13,49.8,27.9,0.56,0.56,NaN,NaN,NaN,NaN,NaN,NaN,NaN,NaN
en608,19',21-22-23',NA',L11,2018-02-03 18:20:36+00:00,2018-02-03 20:00:00+00:00,2018-02-04 20:00:00+00:00,39.7631466666667,-70.8897933333333,4.06,9.88503333333333,1,6.9678892733564,1.51818057964765,TF,wsw,N,65%,a,c,>0&<200,151,6,1.393,2.13,49.2,28.3,0.56,0.56,NaN,NaN,NaN,NaN,NaN,NaN,NaN,NaN
en608,19',21-22-23',NA',L11,2018-02-03 18:20:36+00:00,2018-02-03 20:00:00+00:00,2018-02-04 20:00:00+00:00,39.7631466666667,-70.8897933333333,4.06,9.88503333333333,1,6.9678892733564,1.51818057964765,TF,wsw,N,65%,b,a,>0&<200,151,6,1.393,2.13,51.7,29.8,0.56,0.56,NaN,NaN,NaN,NaN,NaN,NaN,NaN,NaN
en608,19',21-22-23',NA',L11,2018-02-03 18:20:36+00:00,2018-02-03 20:00:00+00:00,2018-02-04 20:00:00+00:00,39.7631466666667,-70.8897933333333,4.06,9.88503333333333,1,6.9678892733564,1.51818057964765,TF,wsw,N,65%,b,b,>0&<200,151,6,1.393,2.13,47.7,27.2,0.56,0.56,NaN,NaN,NaN,NaN,NaN,NaN,NaN,NaN
en608,19',21-22-23',NA',L11,2018-02-03 18:20:36+00:00,2018-02-03 20:00:00+00:00,2018-02-04 20:00:00+00:00,39.7631466666667,-70.8897933333333,4.06,9.88503333333333,1,6.9678892733564,1.51818057964765,TF,wsw,N,65%,b,c,>0&<200,151,6,1.393,2.13,42.9,25,0.56,0.56,NaN,NaN,NaN,NaN,NaN,NaN,NaN,NaN
en608,19',21-22-23',NA',L11,2018-02-03 18:20:36+00:00,2018-02-03 20:00:00+00:00,2018-02-04 20:00:00+00:00,39.7631466666667,-70.8897933333333,4.06,9.88503333333333,1,6.9678892733564,1.51818057964765,TF,dil,N,65%,a,a,>10&<200,151,6,1.393,2.13,7.84,4.16,0.56,0.56,NaN,NaN,NaN,NaN,NaN,NaN,NaN,NaN
en608,19',21-22-23',NA',L11,2018-02-03 18:20:36+00:00,2018-02-03 20:00:00+00:00,2018-02-04 20:00:00+00:00,39.7631466666667,-70.8897933333333,4.06,9.88503333333333,1,6.9678892733564,1.51818057964765,TF,dil,N,65%,a,b,>10&<200,151,6,1.393,2.13,9.36,4.96,0.56,0.56,NaN,NaN,NaN,NaN,NaN,NaN,NaN,NaN
en608,19',21-22-23',NA',L11,2018-02-03 18:20:36+00:00,2018-02-03 20:00:00+00:00,2018-02-04 20:00:00+00:00,39.7631466666667,-70.8897933333333,4.06,9.88503333333333,1,6.9678892733564,1.51818057964765,TF,dil,N,65%,a,c,>10&<200,151,6,1.393,2.13,NaN,NaN,0.56,0.56,NaN,NaN,NaN,NaN,NaN,NaN,NaN,NaN
en608,19',21-22-23',NA',L11,2018-02-03 18:20:36+00:00,2018-02-03 20:00:00+00:00,2018-02-04 20:00:00+00:00,39.7631466666667,-70.8897933333333,4.06,9.88503333333333,1,6.9678892733564,1.51818057964765,TF,dil,N,65%,b,a,>10&<200,151,6,1.393,2.13,9.3,4.9,0.56,0.56,NaN,NaN,NaN,NaN,NaN,NaN,NaN,NaN
en608,19',21-22-23',NA',L11,2018-02-03 18:20:36+00:00,2018-02-03 20:00:00+00:00,2018-02-04 20:00:00+00:00,39.7631466666667,-70.8897933333333,4.06,9.88503333333333,1,6.9678892733564,1.51818057964765,TF,dil,N,65%,b,b,>10&<200,151,6,1.393,2.13,7,3.76,0.56,0.56,NaN,NaN,NaN,NaN,NaN,NaN,NaN,NaN
en608,19',21-22-23',NA',L11,2018-02-03 18:20:36+00:00,2018-02-03 20:00:00+00:00,2018-02-04 20:00:00+00:00,39.7631466666667,-70.8897933333333,4.06,9.88503333333333,1,6.9678892733564,1.51818057964765,TF,dil,N,65%,b,c,>10&<200,151,6,1.393,2.13,10.1,5.29,0.56,0.56,NaN,NaN,NaN,NaN,NaN,NaN,NaN,NaN
en608,19',21-22-23',NA',L11,2018-02-03 18:20:36+00:00,2018-02-03 20:00:00+00:00,2018-02-04 20:00:00+00:00,39.7631466666667,-70.8897933333333,4.06,9.88503333333333,1,6.9678892733564,1.51818057964765,TF,wsw,N,65%,a,a,>10&<200,151,6,1.393,2.13,36.2,18.3,0.56,0.56,NaN,NaN,NaN,NaN,NaN,NaN,NaN,NaN
en608,19',21-22-23',NA',L11,2018-02-03 18:20:36+00:00,2018-02-03 20:00:00+00:00,2018-02-04 20:00:00+00:00,39.7631466666667,-70.8897933333333,4.06,9.88503333333333,1,6.9678892733564,1.51818057964765,TF,wsw,N,65%,a,b,>10&<200,151,6,1.393,2.13,37,18.7,0.56,0.56,NaN,NaN,NaN,NaN,NaN,NaN,NaN,NaN
en608,19',21-22-23',NA',L11,2018-02-03 18:20:36+00:00,2018-02-03 20:00:00+00:00,2018-02-04 20:00:00+00:00,39.7631466666667,-70.8897933333333,4.06,9.88503333333333,1,6.9678892733564,1.51818057964765,TF,wsw,N,65%,a,c,>10&<200,151,6,1.393,2.13,NaN,NaN,0.56,0.56,NaN,NaN,NaN,NaN,NaN,NaN,NaN,NaN
en608,19',21-22-23',NA',L11,2018-02-03 18:20:36+00:00,2018-02-03 20:00:00+00:00,2018-02-04 20:00:00+00:00,39.7631466666667,-70.8897933333333,4.06,9.88503333333333,1,6.9678892733564,1.51818057964765,TF,wsw,N,65%,b,a,>10&<200,151,6,1.393,2.13,36.2,18.4,0.56,0.56,NaN,NaN,NaN,NaN,NaN,NaN,NaN,NaN
en608,19',21-22-23',NA',L11,2018-02-03 18:20:36+00:00,2018-02-03 20:00:00+00:00,2018-02-04 20:00:00+00:00,39.7631466666667,-70.8897933333333,4.06,9.88503333333333,1,6.9678892733564,1.51818057964765,TF,wsw,N,65%,b,b,>10&<200,151,6,1.393,2.13,37.8,19.1,0.56,0.56,NaN,NaN,NaN,NaN,NaN,NaN,NaN,NaN
en608,19',21-22-23',NA',L11,2018-02-03 18:20:36+00:00,2018-02-03 20:00:00+00:00,2018-02-04 20:00:00+00:00,39.7631466666667,-70.8897933333333,4.06,9.88503333333333,1,6.9678892733564,1.51818057964765,TF,wsw,N,65%,b,c,>10&<200,151,6,1.393,2.13,41.8,21.3,0.56,0.56,NaN,NaN,NaN,NaN,NaN,NaN,NaN,NaN
