DateTimeHOBO_UTC,Temp_Inc,Light_Inc
2/3/2021 13:47,16.81,"7,050"
2/3/2021 13:52,9.82,"8,269"
2/3/2021 13:57,5.36,"7,537"
2/3/2021 14:02,3.21,"7,004"
2/3/2021 14:07,2.4,"7,647"
2/3/2021 14:12,2.36,"8,794"
2/3/2021 14:17,2.49,"9,321"
2/3/2021 14:22,2.61,"8,563"
2/3/2021 14:27,3.13,"11,766"
2/3/2021 14:32,3.56,"11,162"
2/3/2021 14:37,3.73,"10,655"
2/3/2021 14:42,3.86,"11,546"
2/3/2021 14:47,3.82,"11,448"
2/3/2021 14:52,3.77,"11,740"
2/3/2021 14:57,3.6,"12,283"
2/3/2021 15:02,3.77,"12,334"
2/3/2021 15:07,4.29,"13,532"
2/3/2021 15:12,5.1,"15,836"
2/3/2021 15:17,5.4,"15,473"
2/3/2021 15:22,5.49,"25,539"
2/3/2021 15:27,5.66,"18,509"
2/3/2021 15:32,6.78,"23,101"
2/3/2021 15:37,7.98,"38,666"
2/3/2021 15:42,9.22,"30,781"
2/3/2021 15:47,8.75,"32,102"
2/3/2021 15:52,9.18,"23,992"
2/3/2021 15:57,10.55,"27,566"
2/3/2021 16:02,12.61,"45,588"
2/3/2021 16:07,11.28,"24,586"
2/3/2021 16:12,9.48,"26,788"
2/3/2021 16:17,9.05,"22,692"
2/3/2021 16:22,9.44,"23,992"
2/3/2021 16:27,9.86,"34,304"
2/3/2021 16:32,10.38,"29,235"
2/3/2021 16:37,10.12,"23,951"
2/3/2021 16:42,9.99,"24,781"
2/3/2021 16:47,10.98,"30,095"
2/3/2021 16:52,10.16,"22,518"
2/3/2021 16:57,9.86,"21,514"
2/3/2021 17:02,9.56,"22,415"
2/3/2021 17:07,9.61,"20,326"
2/3/2021 17:12,9.78,"24,596"
2/3/2021 17:17,10.46,"24,566"
2/3/2021 17:22,8.66,"22,897"
2/3/2021 17:27,7.81,"20,982"
2/3/2021 17:32,7.38,"19,308"
2/3/2021 17:37,7.33,"19,896"
2/3/2021 17:42,6.99,"19,983"
2/3/2021 17:47,6.69,"26,112"
2/3/2021 17:52,6.52,"24,545"
2/3/2021 17:57,6.56,"24,054"
2/3/2021 18:02,6.52,"21,565"
2/3/2021 18:07,6.17,"17,070"
2/3/2021 18:12,5.92,"14,356"
2/3/2021 18:17,5.92,"14,208"
2/3/2021 18:22,5.92,"15,652"
2/3/2021 18:27,5.96,"15,263"
2/3/2021 18:32,5.7,"12,856"
2/3/2021 18:37,5.53,"12,385"
2/3/2021 18:42,5.49,"12,052"
2/3/2021 18:47,5.36,"11,453"
2/3/2021 18:52,5.36,"11,361"
2/3/2021 18:57,5.32,"11,674"
2/3/2021 19:02,5.32,"12,083"
2/3/2021 19:07,5.36,"12,564"
2/3/2021 19:12,5.4,"13,112"
2/3/2021 19:17,5.32,"12,769"
2/3/2021 19:22,5.36,"11,628"
2/3/2021 19:27,5.32,"12,416"
2/3/2021 19:32,5.27,"13,010"
2/3/2021 19:37,5.23,"12,795"
2/3/2021 19:42,5.27,"12,155"
2/3/2021 19:47,5.15,"11,054"
2/3/2021 19:52,5.06,"9,731"
2/3/2021 19:57,5.1,"11,023"
2/3/2021 20:02,5.19,"10,583"
2/3/2021 20:07,4.84,"4,529"
2/3/2021 20:12,4.72,"4,831"
2/3/2021 20:17,4.76,"4,041"
2/3/2021 20:22,4.76,"3,704"
2/3/2021 20:27,4.72,"3,025"
2/3/2021 20:32,4.72,"2,566"
2/3/2021 20:37,4.67,"2,441"
2/3/2021 20:42,4.63,"2,250"
2/3/2021 20:47,4.67,"2,140"
2/3/2021 20:52,4.67,"2,108"
2/3/2021 20:57,4.72,"2,351"
2/3/2021 21:02,4.76,"2,388"
2/3/2021 21:07,4.76,"2,492"
2/3/2021 21:12,4.67,"1,528"
2/3/2021 21:17,4.59,"1,160"
2/3/2021 21:22,4.54,801
2/3/2021 21:27,4.54,549
2/3/2021 21:32,4.54,450
2/3/2021 21:37,4.46,408
2/3/2021 21:42,4.46,361
2/3/2021 21:47,4.42,280
2/3/2021 21:52,4.46,180
2/3/2021 21:57,4.42,119
2/3/2021 22:02,4.42,74
2/3/2021 22:07,4.42,42
2/3/2021 22:12,4.37,19
2/3/2021 22:17,4.46,7
2/3/2021 22:22,4.37,2
2/3/2021 22:27,4.46,1
2/3/2021 22:32,4.42,0
2/3/2021 22:37,4.46,4
2/3/2021 22:42,4.42,7
2/3/2021 22:47,4.5,8
2/3/2021 22:52,4.42,7
2/3/2021 22:57,4.46,7
2/3/2021 23:02,4.5,8
2/3/2021 23:07,4.46,8
2/3/2021 23:12,4.5,7
2/3/2021 23:17,4.5,8
2/3/2021 23:22,4.54,8
2/3/2021 23:27,4.5,8
2/3/2021 23:32,4.54,8
2/3/2021 23:37,4.54,7
2/3/2021 23:42,4.54,7
2/3/2021 23:47,4.46,8
2/3/2021 23:52,4.5,7
2/3/2021 23:57,4.59,8
2/4/2021 0:02,4.63,8
2/4/2021 0:07,4.54,8
2/4/2021 0:12,4.59,6
2/4/2021 0:17,4.59,8
2/4/2021 0:22,4.63,7
2/4/2021 0:27,4.72,8
2/4/2021 0:32,4.67,8
2/4/2021 0:37,4.67,7
2/4/2021 0:42,4.67,7
2/4/2021 0:47,4.63,0
2/4/2021 0:52,4.63,0
2/4/2021 0:57,4.63,0
2/4/2021 1:02,4.54,0
2/4/2021 1:07,4.54,0
2/4/2021 1:12,4.54,0
2/4/2021 1:17,4.46,0
2/4/2021 1:22,4.46,0
2/4/2021 1:27,4.46,0
2/4/2021 1:32,4.46,0
2/4/2021 1:37,4.46,0
2/4/2021 1:42,4.42,0
2/4/2021 1:47,4.37,0
2/4/2021 1:52,4.33,0
2/4/2021 1:57,4.29,0
2/4/2021 2:02,4.24,0
2/4/2021 2:07,4.29,0
2/4/2021 2:12,4.2,0
2/4/2021 2:17,4.2,0
2/4/2021 2:22,4.16,0
2/4/2021 2:27,4.12,0
2/4/2021 2:32,4.12,0
2/4/2021 2:37,4.12,0
2/4/2021 2:42,4.07,0
2/4/2021 2:47,4.03,0
2/4/2021 2:52,4.03,0
2/4/2021 2:57,4.07,0
2/4/2021 3:02,4.03,0
2/4/2021 3:07,4.03,0
2/4/2021 3:12,3.99,0
2/4/2021 3:17,4.07,0
2/4/2021 3:22,4.03,0
2/4/2021 3:27,4.03,0
2/4/2021 3:32,4.03,0
2/4/2021 3:37,4.03,0
2/4/2021 3:42,4.07,0
2/4/2021 3:47,4.07,0
2/4/2021 3:52,4.12,0
2/4/2021 3:57,4.12,0
2/4/2021 4:02,4.12,0
2/4/2021 4:07,4.2,0
2/4/2021 4:12,4.16,0
2/4/2021 4:17,4.24,0
2/4/2021 4:22,4.29,0
2/4/2021 4:27,4.33,0
2/4/2021 4:32,4.63,0
2/4/2021 4:37,4.93,0
2/4/2021 4:42,4.97,0
2/4/2021 4:47,5.15,0
2/4/2021 4:52,5.23,0
2/4/2021 4:57,5.27,0
2/4/2021 5:02,5.32,0
2/4/2021 5:07,5.32,0
2/4/2021 5:12,5.36,0
2/4/2021 5:17,5.45,0
2/4/2021 5:22,5.49,0
2/4/2021 5:27,5.57,0
2/4/2021 5:32,5.57,0
2/4/2021 5:37,5.62,0
2/4/2021 5:42,5.75,0
2/4/2021 5:47,5.83,0
2/4/2021 5:52,6.17,0
2/4/2021 5:57,6.65,0
2/4/2021 6:02,6.86,0
2/4/2021 6:07,7.16,0
2/4/2021 6:12,7.33,0
2/4/2021 6:17,7.46,0
2/4/2021 6:22,7.5,0
2/4/2021 6:27,7.55,0
2/4/2021 6:32,7.59,0
2/4/2021 6:37,7.55,0
2/4/2021 6:42,7.46,0
2/4/2021 6:47,7.33,0
2/4/2021 6:52,7.2,0
2/4/2021 6:57,7.08,0
2/4/2021 7:02,6.99,0
2/4/2021 7:07,6.95,0
2/4/2021 7:12,6.82,0
2/4/2021 7:17,6.78,0
2/4/2021 7:22,6.73,0
2/4/2021 7:27,6.69,0
2/4/2021 7:32,6.65,0
2/4/2021 7:37,6.69,0
2/4/2021 7:42,6.6,0
2/4/2021 7:47,6.6,0
2/4/2021 7:52,6.56,0
2/4/2021 7:57,6.56,0
2/4/2021 8:02,6.52,0
2/4/2021 8:07,6.48,0
2/4/2021 8:12,6.48,0
2/4/2021 8:17,6.48,0
2/4/2021 8:22,6.48,0
2/4/2021 8:27,6.43,0
2/4/2021 8:32,6.43,0
2/4/2021 8:37,6.43,0
2/4/2021 8:42,6.35,0
2/4/2021 8:47,6.35,0
2/4/2021 8:52,6.35,0
2/4/2021 8:57,6.35,0
2/4/2021 9:02,6.35,0
2/4/2021 9:07,6.35,0
2/4/2021 9:12,6.3,0
2/4/2021 9:17,6.3,0
2/4/2021 9:22,6.26,0
2/4/2021 9:27,6.26,0
2/4/2021 9:32,6.26,0
2/4/2021 9:37,6.26,0
2/4/2021 9:42,6.26,0
2/4/2021 9:47,6.22,0
2/4/2021 9:52,6.22,0
2/4/2021 9:57,6.17,0
2/4/2021 10:02,6.17,0
2/4/2021 10:07,6.13,0
2/4/2021 10:12,6.17,0
2/4/2021 10:17,6.17,0
2/4/2021 10:22,6.09,0
2/4/2021 10:27,6.13,0
2/4/2021 10:32,6.13,0
2/4/2021 10:37,6.13,0
2/4/2021 10:42,6.17,0
2/4/2021 10:47,6.13,0
2/4/2021 10:52,6.22,0
2/4/2021 10:57,6.17,0
2/4/2021 11:02,6.17,0
2/4/2021 11:07,6.17,0
2/4/2021 11:12,6.17,0
2/4/2021 11:17,6.22,0
2/4/2021 11:22,6.22,0
2/4/2021 11:27,6.22,0
2/4/2021 11:32,6.26,0
2/4/2021 11:37,6.26,0
2/4/2021 11:42,6.22,0
2/4/2021 11:47,6.3,0
2/4/2021 11:52,6.26,0
2/4/2021 11:57,6.26,1
2/4/2021 12:02,6.22,2
2/4/2021 12:07,6.26,488
2/4/2021 12:12,6.3,554
2/4/2021 12:17,6.22,658
2/4/2021 12:22,6.26,622
2/4/2021 12:27,6.22,647
2/4/2021 12:32,6.17,815
2/4/2021 12:37,6.17,831
2/4/2021 12:42,6.17,847
2/4/2021 12:47,6.17,"1,085"
2/4/2021 12:52,6.13,"1,461"
2/4/2021 12:57,6.13,"1,411"
2/4/2021 13:02,6.13,"1,650"
2/4/2021 13:07,6.17,"2,154"
2/4/2021 13:12,6.22,"2,268"
2/4/2021 13:17,6.17,"2,537"
2/4/2021 13:22,6.22,"2,582"
2/4/2021 13:27,6.22,"3,576"
2/4/2021 13:32,6.26,"3,894"
2/4/2021 13:37,6.26,"4,092"
2/4/2021 13:42,6.26,"2,165"
2/4/2021 13:47,6.26,"3,785"
2/4/2021 13:52,6.26,"3,396"
2/4/2021 13:57,6.22,"1,998"
2/4/2021 14:02,6.22,"2,422"
2/4/2021 14:07,6.17,"1,805"
2/4/2021 14:12,6.22,"2,054"
2/4/2021 14:17,6.26,"2,062"
2/4/2021 14:22,6.22,"2,330"
2/4/2021 14:27,6.26,"2,077"
2/4/2021 14:32,6.22,"2,068"
2/4/2021 14:37,6.26,"2,293"
2/4/2021 14:42,6.35,"2,452"
2/4/2021 14:47,6.35,"2,600"
2/4/2021 14:52,6.39,"2,708"
2/4/2021 14:57,6.43,"2,659"
2/4/2021 15:02,6.43,"2,433"
2/4/2021 15:07,6.39,"1,764"
2/4/2021 15:12,6.56,"2,097"
2/4/2021 15:17,6.73,"1,709"
2/4/2021 15:22,6.99,"1,777"
2/4/2021 15:27,7.33,"1,773"
2/4/2021 15:32,7.55,"1,729"
2/4/2021 15:37,7.76,"1,825"
2/4/2021 15:42,7.85,"1,897"
2/4/2021 15:47,7.85,"1,903"
2/4/2021 15:52,7.85,"1,817"
2/4/2021 15:57,7.85,"1,704"
2/4/2021 16:02,7.81,"2,051"
2/4/2021 16:07,7.85,"1,770"
2/4/2021 16:12,7.76,"1,681"
2/4/2021 16:17,7.81,"2,099"
2/4/2021 16:22,7.98,"2,502"
2/4/2021 16:27,8.02,"2,292"
2/4/2021 16:32,8.06,"2,205"
2/4/2021 16:37,8.15,"2,404"
2/4/2021 16:42,8.15,"1,857"
2/4/2021 16:47,8.23,"1,902"
2/4/2021 16:52,8.28,"2,175"
2/4/2021 16:57,8.28,"2,598"
2/4/2021 17:02,8.32,"2,349"
2/4/2021 17:07,8.32,"2,701"
2/4/2021 17:12,8.66,"4,605"
2/4/2021 17:17,8.62,"3,871"
2/4/2021 17:22,8.62,"3,813"
2/4/2021 17:27,8.58,"3,361"
2/4/2021 17:32,8.71,"4,972"
2/4/2021 17:37,8.71,"4,413"
2/4/2021 17:42,8.58,"2,821"
2/4/2021 17:47,8.66,"3,668"
2/4/2021 17:52,8.71,"3,487"
2/4/2021 17:57,8.75,"3,862"
2/4/2021 18:02,8.71,"2,634"
2/4/2021 18:07,8.66,"3,218"
2/4/2021 18:12,8.66,"3,278"
2/4/2021 18:17,8.71,"2,868"
2/4/2021 18:22,8.79,"3,108"
2/4/2021 18:27,8.75,"2,906"
2/4/2021 18:32,8.79,"3,400"
2/4/2021 18:37,8.83,"3,566"
2/4/2021 18:42,8.75,"3,278"
2/4/2021 18:47,8.88,"5,430"
2/4/2021 18:52,9.35,"10,104"
2/4/2021 18:57,9.05,"3,050"
2/4/2021 19:02,8.92,"2,784"
2/4/2021 19:07,8.88,"2,874"
2/4/2021 19:12,9.56,"12,211"
2/4/2021 19:17,9.31,"2,504"
2/4/2021 19:22,8.92,"2,293"
2/4/2021 19:27,8.96,"3,990"
2/4/2021 19:32,8.96,"3,104"
2/4/2021 19:37,8.92,"2,367"
2/4/2021 19:42,8.92,"3,037"
2/4/2021 19:47,9.09,"3,455"
2/4/2021 19:52,9.44,"4,115"
2/4/2021 19:57,8.92,"2,824"
2/4/2021 20:02,9.05,"5,029"
2/4/2021 20:07,9.09,"5,215"
2/4/2021 20:12,9.05,"7,447"
2/4/2021 20:17,9.18,"8,832"
2/4/2021 20:22,9.31,"7,480"
2/4/2021 20:27,9.01,"5,289"
2/4/2021 20:32,9.39,"6,492"
2/4/2021 20:37,8.96,"4,586"
2/4/2021 20:42,8.75,"3,148"
2/4/2021 20:47,8.66,"3,108"
2/4/2021 20:52,8.71,"3,364"
2/4/2021 20:57,8.66,"3,036"
2/4/2021 21:02,8.62,"2,708"
2/4/2021 21:07,8.53,"2,492"
2/4/2021 21:12,8.53,"2,141"
2/4/2021 21:17,8.58,"1,902"
2/4/2021 21:22,8.66,"1,532"
2/4/2021 21:27,8.83,"1,666"
2/4/2021 21:32,8.96,"1,083"
2/4/2021 21:37,8.96,765
2/4/2021 21:42,9.01,625
2/4/2021 21:47,9.05,426
2/4/2021 21:52,9.05,290
2/4/2021 21:57,9.14,255
2/4/2021 22:02,8.92,175
2/4/2021 22:07,8.96,98
2/4/2021 22:12,8.83,41
2/4/2021 22:17,8.83,16
2/4/2021 22:22,8.83,6
2/4/2021 22:27,8.79,2
2/4/2021 22:32,8.79,1
2/4/2021 22:37,8.88,0
2/4/2021 22:42,8.88,0
2/4/2021 22:47,8.96,0
2/4/2021 22:52,8.96,0
2/4/2021 22:57,9.09,0
2/4/2021 23:02,9.18,0
2/4/2021 23:07,9.22,0
2/4/2021 23:12,9.18,0
2/4/2021 23:17,9.26,0
2/4/2021 23:22,9.26,0
2/4/2021 23:27,9.26,0
2/4/2021 23:32,9.31,0
2/4/2021 23:37,9.35,0
2/4/2021 23:42,9.39,0
2/4/2021 23:47,9.52,0
2/4/2021 23:52,9.52,0
2/4/2021 23:57,9.48,0
2/5/2021 0:02,9.52,0
2/5/2021 0:07,9.65,0
2/5/2021 0:12,9.65,0
2/5/2021 0:17,9.56,0
2/5/2021 0:22,9.69,0
2/5/2021 0:27,10.08,0
2/5/2021 0:32,10.64,0
2/5/2021 0:37,10.98,0
2/5/2021 0:42,11.32,0
2/5/2021 0:47,11.62,0
2/5/2021 0:52,11.75,0
2/5/2021 0:57,11.79,0
2/5/2021 1:02,11.84,0
2/5/2021 1:07,11.71,0
2/5/2021 1:12,11.75,0
2/5/2021 1:17,11.71,0
2/5/2021 1:22,11.75,0
2/5/2021 1:27,11.84,0
2/5/2021 1:32,11.88,0
2/5/2021 1:37,11.84,0
2/5/2021 1:42,11.84,0
2/5/2021 1:47,11.88,0
2/5/2021 1:52,11.84,0
2/5/2021 1:57,11.84,0
2/5/2021 2:02,11.84,0
2/5/2021 2:07,11.84,0
2/5/2021 2:12,11.88,0
2/5/2021 2:17,11.84,0
2/5/2021 2:22,11.84,0
2/5/2021 2:27,11.84,0
2/5/2021 2:32,11.84,0
2/5/2021 2:37,11.88,0
2/5/2021 2:42,11.88,0
2/5/2021 2:47,11.92,0
2/5/2021 2:52,11.88,0
2/5/2021 2:57,11.88,0
2/5/2021 3:02,11.88,0
2/5/2021 3:07,11.92,0
2/5/2021 3:12,11.92,0
2/5/2021 3:17,12.01,0
2/5/2021 3:22,11.97,0
2/5/2021 3:27,12.05,0
2/5/2021 3:32,12.22,0
2/5/2021 3:37,12.44,0
2/5/2021 3:42,12.57,0
2/5/2021 3:47,12.61,0
2/5/2021 3:52,12.61,0
2/5/2021 3:57,12.65,0
2/5/2021 4:02,12.78,0
2/5/2021 4:07,12.65,0
2/5/2021 4:12,12.65,0
2/5/2021 4:17,12.65,0
2/5/2021 4:22,12.7,0
2/5/2021 4:27,12.74,0
2/5/2021 4:32,12.74,0
2/5/2021 4:37,12.82,0
2/5/2021 4:42,12.82,0
2/5/2021 4:47,12.82,0
2/5/2021 4:52,12.82,0
2/5/2021 4:57,12.87,0
2/5/2021 5:02,12.87,0
2/5/2021 5:07,12.87,0
2/5/2021 5:12,12.91,0
2/5/2021 5:17,12.91,0
2/5/2021 5:22,12.91,0
2/5/2021 5:27,12.91,0
2/5/2021 5:32,12.95,0
2/5/2021 5:37,13,0
2/5/2021 5:42,12.95,0
2/5/2021 5:47,12.91,0
2/5/2021 5:52,12.95,0
2/5/2021 5:57,12.91,0
2/5/2021 6:02,12.95,0
2/5/2021 6:07,12.91,0
2/5/2021 6:12,12.91,0
2/5/2021 6:17,12.87,0
2/5/2021 6:22,12.87,0
2/5/2021 6:27,12.91,0
2/5/2021 6:32,12.95,0
2/5/2021 6:37,13,0
2/5/2021 6:42,13,0
2/5/2021 6:47,12.91,0
2/5/2021 6:52,13,0
2/5/2021 6:57,12.91,0
2/5/2021 7:02,13,0
2/5/2021 7:07,12.95,0
2/5/2021 7:12,12.95,0
2/5/2021 7:17,12.95,0
2/5/2021 7:22,13,0
2/5/2021 7:27,12.95,0
2/5/2021 7:32,13,0
2/5/2021 7:37,13.04,0
2/5/2021 7:42,13.04,0
2/5/2021 7:47,13.08,0
2/5/2021 7:52,13.08,0
2/5/2021 7:57,13.08,0
2/5/2021 8:02,13.08,0
2/5/2021 8:07,13.12,0
2/5/2021 8:12,13.17,0
2/5/2021 8:17,13.17,0
2/5/2021 8:22,13.21,0
2/5/2021 8:27,13.12,0
2/5/2021 8:32,13.12,0
2/5/2021 8:37,13.17,0
2/5/2021 8:42,13.21,0
2/5/2021 8:47,13.12,0
2/5/2021 8:52,13.17,0
2/5/2021 8:57,13.17,0
2/5/2021 9:02,13.17,0
2/5/2021 9:07,13.21,0
2/5/2021 9:12,13.21,0
2/5/2021 9:17,13.25,0
2/5/2021 9:22,13.21,0
2/5/2021 9:27,13.21,0
2/5/2021 9:32,13.21,0
2/5/2021 9:37,13.25,0
2/5/2021 9:42,13.25,0
2/5/2021 9:47,13.25,0
2/5/2021 9:52,13.25,0
2/5/2021 9:57,13.25,0
2/5/2021 10:02,13.17,0
2/5/2021 10:07,13.21,0
2/5/2021 10:12,13.21,0
2/5/2021 10:17,13.21,0
2/5/2021 10:22,13.17,0
2/5/2021 10:27,13.21,0
2/5/2021 10:32,13.17,0
2/5/2021 10:37,13.17,0
2/5/2021 10:42,13.17,0
2/5/2021 10:47,13.17,0
2/5/2021 10:52,13.17,0
2/5/2021 10:57,13.17,0
2/5/2021 11:02,13.21,0
2/5/2021 11:07,13.21,0
2/5/2021 11:12,13.17,0
2/5/2021 11:17,13.21,0
2/5/2021 11:22,13.25,0
2/5/2021 11:27,13.25,0
2/5/2021 11:32,13.21,0
2/5/2021 11:37,13.21,6
2/5/2021 11:42,13.21,45
2/5/2021 11:47,13.17,76
2/5/2021 11:52,13.08,86
2/5/2021 11:57,13,125
2/5/2021 12:02,13,202
2/5/2021 12:07,13,264
2/5/2021 12:12,12.91,318
2/5/2021 12:17,12.87,370
2/5/2021 12:22,12.87,504
2/5/2021 12:27,12.87,872
2/5/2021 12:32,12.87,"1,269"
2/5/2021 12:37,12.91,"1,150"
2/5/2021 12:42,12.91,"1,264"
2/5/2021 12:47,12.91,"1,300"
2/5/2021 12:52,12.91,"1,349"
2/5/2021 12:57,12.91,"1,548"
2/5/2021 13:02,12.95,"2,102"
2/5/2021 13:07,13,"2,716"
2/5/2021 13:12,12.95,"1,859"
2/5/2021 13:17,13.08,"4,035"
2/5/2021 13:22,13.12,"3,987"
2/5/2021 13:27,13.12,"3,576"
2/5/2021 13:32,13.17,"4,561"
2/5/2021 13:37,13.3,"6,595"
2/5/2021 13:42,13.43,"7,204"
2/5/2021 13:47,13.34,"5,243"
2/5/2021 13:52,13.34,"5,558"
2/5/2021 13:57,13.47,"7,962"
2/5/2021 14:02,13.68,"9,795"
2/5/2021 14:07,13.47,"4,865"
2/5/2021 14:12,13.34,"4,195"
2/5/2021 14:17,13.3,"3,919"
2/5/2021 14:22,13.25,"3,438"
2/5/2021 14:27,13.3,"3,830"
2/5/2021 14:32,13.34,"3,862"
2/5/2021 14:37,13.3,"3,942"
2/5/2021 14:42,13.25,"2,417"
2/5/2021 14:47,13.25,"2,774"
2/5/2021 14:52,13.21,"2,377"
2/5/2021 14:57,13.21,"2,396"
2/5/2021 15:02,13.3,"3,370"
2/5/2021 15:07,13.3,"4,160"
2/5/2021 15:12,13.43,"5,486"
2/5/2021 15:17,13.55,"6,164"
2/5/2021 15:22,13.6,"6,600"
2/5/2021 15:27,13.73,"7,698"
2/5/2021 15:32,13.81,"7,805"
2/5/2021 15:37,14.03,"10,058"
2/5/2021 15:42,13.98,"9,224"
2/5/2021 15:47,13.9,"6,973"
2/5/2021 15:52,13.85,"6,395"
2/5/2021 15:57,13.73,"4,635"
2/5/2021 16:02,13.6,"4,160"
2/5/2021 16:07,13.73,"7,480"
2/5/2021 16:12,13.81,"7,089"
2/5/2021 16:17,13.77,"7,511"
2/5/2021 16:22,13.55,"2,175"
2/5/2021 16:27,13.55,"2,590"
2/5/2021 16:32,13.55,"4,933"
2/5/2021 16:37,13.68,"6,072"
2/5/2021 16:42,13.6,"4,032"
2/5/2021 16:47,13.6,"3,406"
2/5/2021 16:52,13.51,"3,932"
2/5/2021 16:57,13.55,"3,907"
2/5/2021 17:02,13.47,"2,716"
2/5/2021 17:07,13.47,"5,496"
2/5/2021 17:12,13.55,"4,442"
2/5/2021 17:17,13.55,"4,356"
2/5/2021 17:22,13.43,"1,862"
2/5/2021 17:27,13.38,"2,239"
2/5/2021 17:32,13.3,804
2/5/2021 17:37,13.25,956
2/5/2021 17:42,13.3,851
2/5/2021 17:47,13.25,930
2/5/2021 17:52,13.25,"2,444"
2/5/2021 17:57,13.34,"2,000"
2/5/2021 18:02,13.3,"1,814"
2/5/2021 18:07,13.25,989
2/5/2021 18:12,13.3,"2,595"
2/5/2021 18:17,13.38,"2,776"
2/5/2021 18:22,13.38,"3,990"
2/5/2021 18:27,13.38,"3,368"
2/5/2021 18:32,13.47,"4,279"
2/5/2021 18:37,13.43,"3,158"
2/5/2021 18:42,13.38,"2,579"
2/5/2021 18:47,13.38,"2,543"
2/5/2021 18:52,13.34,"1,745"
2/5/2021 18:57,13.38,"1,868"
2/5/2021 19:02,13.38,"2,049"
2/5/2021 19:07,13.38,"1,937"
2/5/2021 19:12,13.47,"2,913"
2/5/2021 19:17,13.38,"1,256"
2/5/2021 19:22,13.47,"4,701"
2/5/2021 19:27,13.51,"2,582"
2/5/2021 19:32,13.47,"1,656"
2/5/2021 19:37,13.38,930
2/5/2021 19:42,13.38,"1,326"
2/5/2021 19:47,13.43,"1,493"
2/5/2021 19:52,13.38,"1,347"
2/5/2021 19:57,13.43,"1,875"
2/5/2021 20:02,13.47,"1,447"
2/5/2021 20:07,13.43,"1,243"
2/5/2021 20:12,13.47,"1,281"
2/5/2021 20:17,13.47,"1,120"
2/5/2021 20:22,13.34,"1,036"
2/5/2021 20:27,13.38,809
2/5/2021 20:32,13.34,710
2/5/2021 20:37,13.3,601
2/5/2021 20:42,13.3,721
2/5/2021 20:47,13.3,696
2/5/2021 20:52,13.25,759
2/5/2021 20:57,13.25,592
2/5/2021 21:02,13.25,489
2/5/2021 21:07,13.25,379
2/5/2021 21:12,13.21,419
2/5/2021 21:17,13.21,410
2/5/2021 21:22,13.25,349
2/5/2021 21:27,13.25,302
2/5/2021 21:32,13.21,259
2/5/2021 21:37,13.25,139
2/5/2021 21:42,13.3,89
2/5/2021 21:47,13.51,69
2/5/2021 21:52,13.55,52
2/5/2021 21:57,13.64,54
2/5/2021 22:02,13.68,32
2/5/2021 22:07,13.73,19
2/5/2021 22:12,13.73,9
2/5/2021 22:17,13.73,4
2/5/2021 22:22,13.73,2
2/5/2021 22:27,13.6,0
2/5/2021 22:32,13.6,0
2/5/2021 22:37,13.55,0
2/5/2021 22:42,13.51,0
2/5/2021 22:47,13.51,0
2/5/2021 22:52,13.55,0
2/5/2021 22:57,13.51,0
2/5/2021 23:02,13.51,0
2/5/2021 23:07,13.51,0
2/5/2021 23:12,13.47,0
2/5/2021 23:17,13.38,0
2/5/2021 23:22,13.38,0
2/5/2021 23:27,13.25,0
2/5/2021 23:32,13.21,0
2/5/2021 23:37,13.12,0
2/5/2021 23:42,13.08,0
2/5/2021 23:47,12.95,0
2/5/2021 23:52,12.87,0
2/5/2021 23:57,12.74,0
2/6/2021 0:02,12.65,0
2/6/2021 0:07,12.57,0
2/6/2021 0:12,12.52,0
2/6/2021 0:17,12.44,0
2/6/2021 0:22,12.35,0
2/6/2021 0:27,12.27,0
2/6/2021 0:32,12.18,0
2/6/2021 0:37,12.14,0
2/6/2021 0:42,12.1,0
2/6/2021 0:47,12.1,0
2/6/2021 0:52,12.01,0
2/6/2021 0:57,12.01,0
2/6/2021 1:02,11.97,0
2/6/2021 1:07,11.92,0
2/6/2021 1:12,11.92,0
2/6/2021 1:17,11.88,0
2/6/2021 1:22,11.92,0
2/6/2021 1:27,11.88,0
2/6/2021 1:32,11.88,0
2/6/2021 1:37,11.92,0
2/6/2021 1:42,11.92,0
2/6/2021 1:47,11.88,0
2/6/2021 1:52,11.84,0
2/6/2021 1:57,11.79,0
2/6/2021 2:02,11.71,0
2/6/2021 2:07,11.62,0
2/6/2021 2:12,11.58,0
2/6/2021 2:17,11.49,0
2/6/2021 2:22,11.37,0
2/6/2021 2:27,11.24,0
2/6/2021 2:32,11.19,0
2/6/2021 2:37,11.07,0
2/6/2021 2:42,10.94,0
2/6/2021 2:47,10.85,0
2/6/2021 2:52,10.72,0
2/6/2021 2:57,10.64,0
2/6/2021 3:02,10.64,0
2/6/2021 3:07,10.55,0
2/6/2021 3:12,10.51,0
2/6/2021 3:17,10.46,0
2/6/2021 3:22,10.38,0
2/6/2021 3:27,10.34,0
2/6/2021 3:32,10.34,0
2/6/2021 3:37,10.29,0
2/6/2021 3:42,10.29,0
2/6/2021 3:47,10.25,0
2/6/2021 3:52,10.25,0
2/6/2021 3:57,10.21,0
2/6/2021 4:02,10.16,0
2/6/2021 4:07,10.12,0
2/6/2021 4:12,10.08,0
2/6/2021 4:17,10.08,0
2/6/2021 4:22,9.99,0
2/6/2021 4:27,9.86,0
2/6/2021 4:32,9.91,0
2/6/2021 4:37,9.78,0
2/6/2021 4:42,9.74,0
2/6/2021 4:47,9.74,0
2/6/2021 4:52,9.65,0
2/6/2021 4:57,9.65,0
2/6/2021 5:02,9.69,0
2/6/2021 5:07,9.69,0
2/6/2021 5:12,9.74,0
2/6/2021 5:17,9.74,0
2/6/2021 5:22,9.78,0
2/6/2021 5:27,9.74,0
2/6/2021 5:32,9.69,0
2/6/2021 5:37,9.69,0
2/6/2021 5:42,9.78,0
2/6/2021 5:47,9.74,0
2/6/2021 5:52,9.78,0
2/6/2021 5:57,9.74,0
2/6/2021 6:02,9.74,0
2/6/2021 6:07,9.86,0
2/6/2021 6:12,9.86,0
2/6/2021 6:17,9.86,0
2/6/2021 6:22,9.86,0
2/6/2021 6:27,9.86,0
2/6/2021 6:32,9.86,0
2/6/2021 6:37,9.91,0
2/6/2021 6:42,9.86,0
2/6/2021 6:47,9.86,0
2/6/2021 6:52,9.86,0
2/6/2021 6:57,9.91,0
2/6/2021 7:02,9.91,0
2/6/2021 7:07,9.86,0
2/6/2021 7:12,9.86,0
2/6/2021 7:17,9.91,0
2/6/2021 7:22,9.86,0
2/6/2021 7:27,9.86,0
2/6/2021 7:32,9.82,0
2/6/2021 7:37,9.82,0
2/6/2021 7:42,9.78,0
2/6/2021 7:47,9.78,0
2/6/2021 7:52,9.74,0
2/6/2021 7:57,9.74,0
2/6/2021 8:02,9.65,0
2/6/2021 8:07,9.61,0
2/6/2021 8:12,9.56,0
2/6/2021 8:17,9.56,0
2/6/2021 8:22,9.48,0
2/6/2021 8:27,9.39,0
2/6/2021 8:32,9.39,0
2/6/2021 8:37,9.35,0
2/6/2021 8:42,9.31,0
2/6/2021 8:47,9.26,0
2/6/2021 8:52,9.22,0
2/6/2021 8:57,9.18,0
2/6/2021 9:02,9.14,0
2/6/2021 9:07,9.09,0
2/6/2021 9:12,9.05,0
2/6/2021 9:17,9.01,0
2/6/2021 9:22,9.01,0
2/6/2021 9:27,9.01,0
2/6/2021 9:32,8.96,0
2/6/2021 9:37,8.96,0
2/6/2021 9:42,9.01,0
2/6/2021 9:47,9.01,0
2/6/2021 9:52,9.05,0
2/6/2021 9:57,9.14,0
2/6/2021 10:02,9.18,0
2/6/2021 10:07,9.14,0
2/6/2021 10:12,9.14,0
2/6/2021 10:17,9.05,0
2/6/2021 10:22,9.05,0
2/6/2021 10:27,9.01,0
2/6/2021 10:32,9.05,0
2/6/2021 10:37,8.96,0
2/6/2021 10:42,8.96,0
2/6/2021 10:47,8.92,0
2/6/2021 10:52,8.88,0
2/6/2021 10:57,8.88,0
2/6/2021 11:02,8.75,0
2/6/2021 11:07,8.66,0
2/6/2021 11:12,8.66,0
2/6/2021 11:17,8.53,0
2/6/2021 11:22,8.45,0
2/6/2021 11:27,8.45,7
2/6/2021 11:32,8.36,34
2/6/2021 11:37,8.19,75
2/6/2021 11:42,8.11,163
2/6/2021 11:47,8.11,276
2/6/2021 11:52,8.02,444
2/6/2021 11:57,7.98,508
2/6/2021 12:02,7.89,674
2/6/2021 12:07,7.85,891
2/6/2021 12:12,7.85,"1,198"
2/6/2021 12:17,7.76,"1,818"
2/6/2021 12:22,7.81,"3,881"
2/6/2021 12:27,8.28,"9,385"
2/6/2021 12:32,8.53,"12,938"
2/6/2021 12:37,8.71,"13,952"
2/6/2021 12:42,8.83,"19,174"
2/6/2021 12:47,9.09,"20,439"
2/6/2021 12:52,9.18,"22,108"
2/6/2021 12:57,8.83,"15,631"
2/6/2021 13:02,9.48,"23,818"
2/6/2021 13:07,9.65,"19,185"
2/6/2021 13:12,9.35,"16,937"
2/6/2021 13:17,9.22,"9,403"
2/6/2021 13:22,9.14,"7,140"
2/6/2021 13:27,9.35,"22,866"
2/6/2021 13:32,9.14,"6,259"
2/6/2021 13:37,9.14,"27,013"
2/6/2021 13:42,9.05,"23,818"
2/6/2021 13:47,8.92,"16,998"
2/6/2021 13:52,8.58,"10,860"
2/6/2021 13:57,8.41,"11,290"
2/6/2021 14:02,8.62,"22,374"
2/6/2021 14:07,9.14,"43,192"
2/6/2021 14:12,9.35,"31,191"
2/6/2021 14:17,9.52,"33,638"
2/6/2021 14:22,9.22,"30,740"
2/6/2021 14:27,9.14,"31,549"
2/6/2021 14:32,9.01,"29,635"
2/6/2021 14:37,8.45,"36,393"
2/6/2021 14:42,8.49,"28,600"
2/6/2021 14:47,8.41,"11,320"
2/6/2021 14:52,8.66,"51,425"
2/6/2021 14:57,8.45,"17,249"
2/6/2021 15:02,9.01,"41,462"
2/6/2021 15:07,8.79,"40,335"
2/6/2021 15:12,8.83,"42,394"
2/6/2021 15:17,9.39,"31,447"
2/6/2021 15:22,9.22,"53,494"
2/6/2021 15:27,8.49,"24,371"
2/6/2021 15:32,9.18,"33,946"
2/6/2021 15:37,8.53,"20,316"
2/6/2021 15:42,8.58,"20,321"
2/6/2021 15:47,8.58,"18,166"
2/6/2021 15:52,8.49,"15,094"
2/6/2021 15:57,10.94,"79,237"
2/6/2021 16:02,10.34,"60,068"
2/6/2021 16:07,8.79,"15,345"
2/6/2021 16:12,8.66,"20,070"
2/6/2021 16:17,8.53,"16,768"
2/6/2021 16:22,8.41,"15,508"
2/6/2021 16:27,8.36,"16,087"
2/6/2021 16:32,9.91,"25,539"
2/6/2021 16:37,8.75,"15,954"
2/6/2021 16:42,8.58,"15,432"
2/6/2021 16:47,8.53,"12,841"
2/6/2021 16:52,9.82,"35,318"
2/6/2021 16:57,9.26,"23,542"
2/6/2021 17:02,8.79,"20,623"
2/6/2021 17:07,9.18,"27,761"
2/6/2021 17:12,9.18,"30,966"
2/6/2021 17:17,9.18,"44,995"
2/6/2021 17:22,9.35,"32,307"
2/6/2021 17:27,9.61,"29,942"
2/6/2021 17:32,9.74,"39,619"
2/6/2021 17:37,9.99,"34,908"
2/6/2021 17:42,9.99,"37,151"
2/6/2021 17:47,9.91,"31,908"
2/6/2021 17:52,9.78,"31,764"
2/6/2021 17:57,9.65,"31,191"
2/6/2021 18:02,9.56,"31,908"
2/6/2021 18:07,9.39,"31,662"
2/6/2021 18:12,9.39,"34,939"
2/6/2021 18:17,9.22,"35,922"
2/6/2021 18:22,9.14,"25,498"
2/6/2021 18:27,8.88,"32,031"
2/6/2021 18:32,8.66,"31,662"
2/6/2021 18:37,8.53,"24,115"
2/6/2021 18:42,8.36,"22,016"
2/6/2021 18:47,7.89,"20,485"
2/6/2021 18:52,7.72,"21,258"
2/6/2021 18:57,7.46,"17,597"
2/6/2021 19:02,7.25,"11,576"
2/6/2021 19:07,7.08,"16,870"
2/6/2021 19:12,6.99,"18,719"
2/6/2021 19:17,6.95,"19,661"
2/6/2021 19:22,6.73,"19,400"
2/6/2021 19:27,6.52,"11,156"
2/6/2021 19:32,6.39,"9,091"
2/6/2021 19:37,6.22,"8,806"
2/6/2021 19:42,6.17,"8,763"
2/6/2021 19:47,5.96,"9,705"
2/6/2021 19:52,5.87,"8,300"
2/6/2021 19:57,5.92,"7,864"
2/6/2021 20:02,5.83,"7,949"
2/6/2021 20:07,5.79,"7,621"
2/6/2021 20:12,5.7,"7,081"
2/6/2021 20:17,5.66,"6,748"
2/6/2021 20:22,5.53,"6,546"
2/6/2021 20:27,5.49,"6,618"
2/6/2021 20:32,5.36,"6,308"
2/6/2021 20:37,5.27,"5,330"
2/6/2021 20:42,5.15,"5,409"
2/6/2021 20:47,5.75,"4,028"
2/6/2021 20:52,5.27,"6,218"
2/6/2021 20:57,4.84,"3,046"
2/6/2021 21:02,4.72,"2,851"
2/6/2021 21:07,4.63,"2,746"
2/6/2021 21:12,4.63,"2,787"
2/6/2021 21:17,4.63,"2,465"
2/6/2021 21:22,4.63,"3,089"
2/6/2021 21:27,4.54,"2,112"
2/6/2021 21:32,4.59,"2,097"
2/6/2021 21:37,4.5,"1,526"
2/6/2021 21:42,4.5,"1,307"
2/6/2021 21:47,4.5,"1,120"
2/6/2021 21:52,4.46,838
2/6/2021 21:57,4.37,579
2/6/2021 22:02,4.37,368
2/6/2021 22:07,4.37,214
2/6/2021 22:12,4.33,119
2/6/2021 22:17,4.29,50
2/6/2021 22:22,4.33,19
2/6/2021 22:27,4.24,9
2/6/2021 22:32,4.2,3
2/6/2021 22:37,4.2,1
2/6/2021 22:42,4.16,0
2/6/2021 22:47,4.07,0
2/6/2021 22:52,4.03,0
2/6/2021 22:57,3.99,0
2/6/2021 23:02,3.94,0
2/6/2021 23:07,3.94,0
2/6/2021 23:12,3.99,0
2/6/2021 23:17,3.99,0
2/6/2021 23:22,3.99,0
2/6/2021 23:27,3.99,0
2/6/2021 23:32,4.03,0
2/6/2021 23:37,4.03,0
2/6/2021 23:42,3.94,0
2/6/2021 23:47,3.99,0
2/6/2021 23:52,3.94,0
2/6/2021 23:57,3.9,0
2/7/2021 0:02,3.9,0
2/7/2021 0:07,3.86,0
2/7/2021 0:12,3.82,0
2/7/2021 0:17,3.73,0
2/7/2021 0:22,3.69,0
2/7/2021 0:27,3.64,0
2/7/2021 0:32,3.6,0
2/7/2021 0:37,3.64,0
2/7/2021 0:42,3.56,0
2/7/2021 0:47,3.52,0
2/7/2021 0:52,3.52,0
2/7/2021 0:57,3.47,0
2/7/2021 1:02,3.43,0
2/7/2021 1:07,3.43,0
2/7/2021 1:12,3.43,0
2/7/2021 1:17,3.39,0
2/7/2021 1:22,3.34,0
2/7/2021 1:27,3.34,0
2/7/2021 1:32,3.34,0
2/7/2021 1:37,3.3,0
2/7/2021 1:42,3.3,0
2/7/2021 1:47,3.21,0
2/7/2021 1:52,3.21,0
2/7/2021 1:57,3.21,0
2/7/2021 2:02,3.21,0
2/7/2021 2:07,3.26,0
2/7/2021 2:12,3.3,0
2/7/2021 2:17,3.34,0
2/7/2021 2:22,3.39,0
2/7/2021 2:27,3.43,0
2/7/2021 2:32,3.52,0
2/7/2021 2:37,3.56,0
2/7/2021 2:42,3.6,0
2/7/2021 2:47,3.64,0
2/7/2021 2:52,3.6,0
2/7/2021 2:57,3.64,0
2/7/2021 3:02,3.64,0
2/7/2021 3:07,3.69,0
2/7/2021 3:12,3.69,0
2/7/2021 3:17,3.69,0
2/7/2021 3:22,3.73,0
2/7/2021 3:27,3.73,0
2/7/2021 3:32,3.73,0
2/7/2021 3:37,3.77,0
2/7/2021 3:42,3.82,0
2/7/2021 3:47,3.9,0
2/7/2021 3:52,3.99,0
2/7/2021 3:57,4.03,0
2/7/2021 4:02,4.12,0
2/7/2021 4:07,4.07,0
2/7/2021 4:12,4.16,0
2/7/2021 4:17,4.16,0
2/7/2021 4:22,4.16,0
2/7/2021 4:27,4.29,0
2/7/2021 4:32,4.2,0
2/7/2021 4:37,4.33,0
2/7/2021 4:42,4.29,0
2/7/2021 4:47,4.33,0
2/7/2021 4:52,4.33,0
2/7/2021 4:57,4.33,0
2/7/2021 5:02,4.33,0
2/7/2021 5:07,4.33,0
2/7/2021 5:12,4.33,0
2/7/2021 5:17,4.37,0
2/7/2021 5:22,4.33,0
2/7/2021 5:27,4.29,0
2/7/2021 5:32,4.29,0
2/7/2021 5:37,4.2,0
2/7/2021 5:42,4.2,0
2/7/2021 5:47,4.16,0
2/7/2021 5:52,4.2,0
2/7/2021 5:57,4.12,0
2/7/2021 6:02,4.16,0
2/7/2021 6:07,4.16,0
2/7/2021 6:12,4.12,0
2/7/2021 6:17,4.12,0
2/7/2021 6:22,4.16,0
2/7/2021 6:27,4.16,0
2/7/2021 6:32,4.12,0
2/7/2021 6:37,4.12,0
2/7/2021 6:42,4.12,0
2/7/2021 6:47,4.12,0
2/7/2021 6:52,4.12,0
2/7/2021 6:57,4.12,0
2/7/2021 7:02,4.12,0
2/7/2021 7:07,4.16,0
2/7/2021 7:12,4.16,0
2/7/2021 7:17,4.16,0
2/7/2021 7:22,4.24,0
2/7/2021 7:27,4.2,0
2/7/2021 7:32,4.24,0
2/7/2021 7:37,4.37,0
2/7/2021 7:42,4.42,0
2/7/2021 7:47,4.46,0
2/7/2021 7:52,4.54,0
2/7/2021 7:57,4.67,0
2/7/2021 8:02,4.76,0
2/7/2021 8:07,4.84,0
2/7/2021 8:12,4.89,0
2/7/2021 8:17,4.93,0
2/7/2021 8:22,4.93,0
2/7/2021 8:27,4.97,0
2/7/2021 8:32,5.02,0
2/7/2021 8:37,4.97,0
2/7/2021 8:42,5.02,0
2/7/2021 8:47,5.15,0
2/7/2021 8:52,5.15,0
2/7/2021 8:57,5.23,0
2/7/2021 9:02,5.19,0
2/7/2021 9:07,5.19,0
2/7/2021 9:12,5.23,0
2/7/2021 9:17,5.27,0
2/7/2021 9:22,5.27,0
2/7/2021 9:27,5.27,0
2/7/2021 9:32,5.27,0
2/7/2021 9:37,5.23,0
2/7/2021 9:42,5.27,0
2/7/2021 9:47,5.32,0
2/7/2021 9:52,5.32,0
2/7/2021 9:57,5.32,0
2/7/2021 10:02,5.32,0
2/7/2021 10:07,5.23,0
2/7/2021 10:12,5.19,0
2/7/2021 10:17,5.19,0
2/7/2021 10:22,5.19,0
2/7/2021 10:27,5.15,0
2/7/2021 10:32,5.1,0
2/7/2021 10:37,5.02,0
2/7/2021 10:42,4.97,0
2/7/2021 10:47,4.97,0
2/7/2021 10:52,4.89,0
2/7/2021 10:57,4.89,0
2/7/2021 11:02,4.84,0
2/7/2021 11:07,4.8,0
2/7/2021 11:12,4.76,0
2/7/2021 11:17,4.8,0
2/7/2021 11:22,4.76,1
2/7/2021 11:27,4.8,2
2/7/2021 11:32,4.8,7
2/7/2021 11:37,4.8,24
2/7/2021 11:42,4.84,41
2/7/2021 11:47,4.8,62
2/7/2021 11:52,4.76,72
2/7/2021 11:57,4.8,127
2/7/2021 12:02,4.8,175
2/7/2021 12:07,4.84,247
2/7/2021 12:12,4.84,249
2/7/2021 12:17,4.84,426
2/7/2021 12:22,4.93,591
2/7/2021 12:27,4.93,937
2/7/2021 12:32,4.93,"1,112"
2/7/2021 12:37,4.97,"1,038"
2/7/2021 12:42,5.02,995
2/7/2021 12:47,5.02,863
2/7/2021 12:52,5.06,"1,099"
2/7/2021 12:57,5.1,"1,112"
2/7/2021 13:02,5.1,"1,206"
2/7/2021 13:07,5.1,"1,115"
2/7/2021 13:12,5.15,720
2/7/2021 13:17,5.1,742
2/7/2021 13:22,5.19,"1,844"
2/7/2021 13:27,5.23,"1,597"
2/7/2021 13:32,5.23,"1,267"
2/7/2021 13:37,5.27,"1,629"
2/7/2021 13:42,5.32,"1,757"
2/7/2021 13:47,5.27,"1,836"
2/7/2021 13:52,5.27,"1,945"
2/7/2021 13:57,5.27,"1,953"
2/7/2021 14:02,5.23,"1,172"
2/7/2021 14:07,5.23,"1,095"
2/7/2021 14:12,5.19,"1,274"
2/7/2021 14:17,5.19,"1,564"
2/7/2021 14:22,5.15,"1,786"
2/7/2021 14:27,5.19,"1,839"
2/7/2021 14:32,5.15,"2,033"
2/7/2021 14:37,5.1,"2,362"
2/7/2021 14:42,5.1,"2,397"
2/7/2021 14:47,5.06,"3,039"
2/7/2021 14:52,5.06,"3,323"
2/7/2021 14:57,5.02,"3,325"
2/7/2021 15:02,4.97,"2,221"
2/7/2021 15:07,4.84,"1,899"
2/7/2021 15:12,4.89,"2,945"
2/7/2021 15:17,4.76,"2,575"
2/7/2021 15:22,4.67,"1,501"
2/7/2021 15:27,4.54,"1,469"
2/7/2021 15:32,4.5,"1,934"
2/7/2021 15:37,4.33,"1,553"
2/7/2021 15:42,4.33,"2,241"
2/7/2021 15:47,4.29,"2,393"
2/7/2021 15:52,4.24,"2,483"
2/7/2021 15:57,4.29,"2,582"
2/7/2021 16:02,4.29,"2,785"
2/7/2021 16:07,4.24,"2,433"
2/7/2021 16:12,4.2,"2,311"
2/7/2021 16:17,4.12,"1,596"
2/7/2021 16:22,4.07,"1,402"
2/7/2021 16:27,4.03,"1,354"
2/7/2021 16:32,4.03,"1,284"
2/7/2021 16:37,4.03,"1,086"
2/7/2021 16:42,3.99,"1,152"
2/7/2021 16:47,4.07,"1,708"
2/7/2021 16:52,4.2,"1,738"
2/7/2021 16:57,4.24,"2,224"
2/7/2021 17:02,4.2,"1,642"
2/7/2021 17:07,4.29,"1,674"
2/7/2021 17:12,4.29,"2,033"
2/7/2021 17:17,4.24,"1,887"
2/7/2021 17:22,4.29,"1,769"
2/7/2021 17:27,4.2,"2,052"
2/7/2021 17:32,4.29,"2,157"
2/7/2021 17:37,4.29,"1,523"
2/7/2021 17:42,4.33,"1,555"
2/7/2021 17:47,4.37,"2,423"
2/7/2021 17:52,4.42,"2,948"
2/7/2021 17:57,4.42,"3,370"
2/7/2021 18:02,4.42,"2,625"
2/7/2021 18:07,4.42,"3,154"
2/7/2021 18:12,4.42,"2,322"
2/7/2021 18:17,4.46,"2,493"
2/7/2021 18:22,4.5,"2,694"
2/7/2021 18:27,4.54,"2,312"
2/7/2021 18:32,4.54,"2,625"
2/7/2021 18:37,4.59,"2,587"
2/7/2021 18:42,4.63,"3,281"
2/7/2021 18:47,4.72,"3,493"
2/7/2021 18:52,4.67,"2,234"
2/7/2021 18:57,4.63,"2,403"
2/7/2021 19:02,4.63,"1,574"
2/7/2021 19:07,4.63,"2,633"
2/7/2021 19:12,4.63,"1,897"
2/7/2021 19:17,4.54,"1,504"
2/7/2021 19:22,4.59,"1,788"
2/7/2021 19:27,4.54,798
2/7/2021 19:32,4.5,539
2/7/2021 19:37,4.42,572
2/7/2021 19:42,4.42,637
2/7/2021 19:47,4.42,877
2/7/2021 19:52,4.42,909
2/7/2021 19:57,4.37,"1,013"
2/7/2021 20:02,4.33,"1,592"
2/7/2021 20:07,4.33,"1,153"
2/7/2021 20:12,4.29,886
2/7/2021 20:17,4.29,"1,129"
2/7/2021 20:22,4.24,791
2/7/2021 20:27,4.2,403
2/7/2021 20:32,4.2,445
2/7/2021 20:37,4.2,826
2/7/2021 20:42,4.2,737
2/7/2021 20:47,4.16,852
2/7/2021 20:52,4.16,676
2/7/2021 20:57,4.16,538
2/7/2021 21:02,4.12,513
2/7/2021 21:07,4.12,311
2/7/2021 21:12,4.12,296
2/7/2021 21:17,4.07,448
2/7/2021 21:22,4.12,464
2/7/2021 21:27,4.16,273
2/7/2021 21:32,4.16,243
2/7/2021 21:37,4.16,216
2/7/2021 21:42,4.16,154
2/7/2021 21:47,4.16,86
2/7/2021 21:52,4.12,71
2/7/2021 21:57,4.12,43
2/7/2021 22:02,4.12,32
2/7/2021 22:07,4.07,22
2/7/2021 22:12,4.12,12
2/7/2021 22:17,4.07,7
2/7/2021 22:22,4.03,3
2/7/2021 22:27,4.03,1
2/7/2021 22:32,4.03,0
2/7/2021 22:37,3.99,0
2/7/2021 22:42,3.94,0
2/7/2021 22:47,3.99,0
2/7/2021 22:52,3.9,0
2/7/2021 22:57,3.9,0
2/7/2021 23:02,3.9,0
2/7/2021 23:07,3.82,0
2/7/2021 23:12,3.77,23
2/7/2021 23:17,3.69,0
2/7/2021 23:22,3.64,0
2/7/2021 23:27,3.6,0
2/7/2021 23:32,3.52,0
2/7/2021 23:37,3.52,0
2/7/2021 23:42,3.43,0
2/7/2021 23:47,3.47,0
2/7/2021 23:52,3.43,0
2/7/2021 23:57,3.39,0
2/8/2021 0:02,3.39,0
2/8/2021 0:07,3.34,0
2/8/2021 0:12,3.3,0
2/8/2021 0:17,3.26,0
2/8/2021 0:22,3.3,0
2/8/2021 0:27,3.26,0
2/8/2021 0:32,3.21,0
2/8/2021 0:37,3.17,0
2/8/2021 0:42,3.21,0
2/8/2021 0:47,3.17,0
2/8/2021 0:52,3.09,0
2/8/2021 0:57,3.09,0
2/8/2021 1:02,3.04,0
2/8/2021 1:07,3.04,0
2/8/2021 1:12,3,0
2/8/2021 1:17,3,0
2/8/2021 1:22,2.91,0
2/8/2021 1:27,2.91,0
2/8/2021 1:32,2.87,0
2/8/2021 1:37,2.83,0
2/8/2021 1:42,2.83,0
2/8/2021 1:47,2.79,0
2/8/2021 1:52,2.74,0
2/8/2021 1:57,2.7,0
2/8/2021 2:02,2.61,0
2/8/2021 2:07,2.66,0
2/8/2021 2:12,2.61,0
2/8/2021 2:17,2.57,0
2/8/2021 2:22,2.53,0
2/8/2021 2:27,2.49,0
2/8/2021 2:32,2.49,0
2/8/2021 2:37,2.4,0
2/8/2021 2:42,2.44,0
2/8/2021 2:47,2.36,0
2/8/2021 2:52,2.31,0
2/8/2021 2:57,2.31,0
2/8/2021 3:02,2.27,0
2/8/2021 3:07,2.27,0
2/8/2021 3:12,2.27,0
2/8/2021 3:17,2.23,0
2/8/2021 3:22,2.23,0
2/8/2021 3:27,2.19,0
2/8/2021 3:32,2.14,0
2/8/2021 3:37,2.14,0
2/8/2021 3:42,2.14,0
2/8/2021 3:47,2.19,0
2/8/2021 3:52,2.1,0
2/8/2021 3:57,2.06,0
2/8/2021 4:02,2.01,0
2/8/2021 4:07,1.8,0
2/8/2021 4:12,1.41,0
2/8/2021 4:17,0.98,0
2/8/2021 4:22,0.81,0
2/8/2021 4:27,0.64,0
2/8/2021 4:32,0.47,0
2/8/2021 4:37,0.38,0
2/8/2021 4:42,0.17,0
2/8/2021 4:47,0.08,0
2/8/2021 4:52,-0.09,0
2/8/2021 4:57,-0.26,0
2/8/2021 5:02,-0.35,0
2/8/2021 5:07,-0.47,0
2/8/2021 5:12,-0.47,0
2/8/2021 5:17,-0.47,0
2/8/2021 5:22,-0.52,0
2/8/2021 5:27,-0.69,0
2/8/2021 5:32,-0.77,0
2/8/2021 5:37,-0.95,0
2/8/2021 5:42,-1.12,0
2/8/2021 5:47,-0.99,1
2/8/2021 5:52,-1.03,0
2/8/2021 5:57,-0.99,0
2/8/2021 6:02,-1.03,0
2/8/2021 6:07,-1.03,0
2/8/2021 6:12,-1.03,0
2/8/2021 6:17,-1.25,0
2/8/2021 6:22,-1.42,0
2/8/2021 6:27,-1.46,0
2/8/2021 6:32,-1.5,0
2/8/2021 6:37,-1.72,0
2/8/2021 6:42,-1.8,0
2/8/2021 6:47,-1.89,0
2/8/2021 6:52,-2.02,0
2/8/2021 6:57,-2.1,0
2/8/2021 7:02,-2.32,0
2/8/2021 7:07,-2.45,0
2/8/2021 7:12,-2.58,0
2/8/2021 7:17,-2.62,0
2/8/2021 7:22,-2.62,0
2/8/2021 7:27,-2.75,0
2/8/2021 7:32,-2.83,0
2/8/2021 7:37,-2.92,0
2/8/2021 7:42,-3.01,0
2/8/2021 7:47,-3.31,0
2/8/2021 7:52,-3.43,0
2/8/2021 7:57,-3.43,0
2/8/2021 8:02,-3.61,0
2/8/2021 8:07,-3.69,0
2/8/2021 8:12,-3.82,0
2/8/2021 8:17,-3.74,0
2/8/2021 8:22,-3.99,0
2/8/2021 8:27,-4.08,0
2/8/2021 8:32,-4.04,0
2/8/2021 8:37,-4.16,0
2/8/2021 8:42,-4.21,0
2/8/2021 8:47,-4.29,0
2/8/2021 8:52,-4.38,0
2/8/2021 8:57,-4.34,0
2/8/2021 9:02,-4.21,0
2/8/2021 9:07,-4.16,0
2/8/2021 9:12,-4.12,0
2/8/2021 9:17,-4.21,0
2/8/2021 9:22,-4.16,0
2/8/2021 9:27,-4.25,0
2/8/2021 9:32,-4.34,0
2/8/2021 9:37,-4.34,0
2/8/2021 9:42,-4.38,1
2/8/2021 9:47,-4.42,0
2/8/2021 9:52,-4.42,0
2/8/2021 9:57,-4.46,0
2/8/2021 10:02,-4.46,0
2/8/2021 10:07,-4.55,0
2/8/2021 10:12,-4.76,0
2/8/2021 10:17,-4.98,0
2/8/2021 10:22,-4.94,0
2/8/2021 10:27,-5.19,0
2/8/2021 10:32,-5.15,0
2/8/2021 10:37,-5.28,0
2/8/2021 10:42,-5.37,0
2/8/2021 10:47,-5.37,0
2/8/2021 10:52,-5.45,0
2/8/2021 10:57,-5.58,0
2/8/2021 11:02,-5.54,0
2/8/2021 11:07,-5.49,0
2/8/2021 11:12,-5.71,1
2/8/2021 11:17,-5.79,2
2/8/2021 11:22,-5.84,6
2/8/2021 11:27,-5.92,16
2/8/2021 11:32,-5.84,41
2/8/2021 11:37,-5.92,94
2/8/2021 11:42,-6.01,195
2/8/2021 11:47,-6.01,363
2/8/2021 11:52,-5.97,598
2/8/2021 11:57,-5.84,905
2/8/2021 12:02,-6.01,"1,247"
2/8/2021 12:07,-5.58,"4,686"
2/8/2021 12:12,-5.37,"2,346"
2/8/2021 12:17,-5.62,"1,995"
2/8/2021 12:22,-5.62,"2,737"
2/8/2021 12:27,-5.37,"3,113"
2/8/2021 12:32,-5.28,"3,683"
2/8/2021 12:37,-4.94,"3,826"
2/8/2021 12:42,-4.94,"4,086"
2/8/2021 12:47,-4.25,"8,141"
2/8/2021 12:52,-3.05,"5,663"
2/8/2021 12:57,-1.29,"20,593"
2/8/2021 13:02,-0.39,"35,379"
2/8/2021 13:07,-0.69,"32,584"
2/8/2021 13:12,-1.38,"14,213"
2/8/2021 13:17,0.21,"12,360"
2/8/2021 13:22,0.9,"24,259"
2/8/2021 13:27,1.54,"34,079"
2/8/2021 13:32,0.34,"5,624"
2/8/2021 13:37,-2.15,"5,699"
2/8/2021 13:42,-1.46,"34,519"
2/8/2021 13:47,2.83,"38,185"
2/8/2021 13:52,2.87,"14,305"
2/8/2021 13:57,2.31,"39,076"
2/8/2021 14:02,2.23,"11,622"
2/8/2021 14:07,3.04,"39,004"
2/8/2021 14:12,-0.52,"14,111"
2/8/2021 14:17,-1.38,"12,457"
2/8/2021 14:22,-1.33,"16,333"
2/8/2021 14:27,0.68,"15,140"
2/8/2021 14:32,-0.22,"14,479"
2/8/2021 14:37,-0.3,"17,101"
2/8/2021 14:42,1.2,"66,785"
